county_code,county_name,county_code_2020census,name_2020census,province,prefecture,n_ads,n_edu_stated,n_edu_unlimited,n_edu_unspecified,n_edu_other,share_req_dz_of_all,share_req_bk_of_all,share_req_ss_of_all,share_req_bs_of_all,share_req_dz_of_stated,share_req_bk_of_stated,share_req_ss_of_stated,share_unlimited,share_unspecified,headcount_missing_rate,n_headcount_reported_sum,thin_sample_flag
350121,闽侯县,350121,闽侯县,福建省,福州市,1617,1351,266,0,0,0.7489177489177489,0.3630179344465059,0.0185528756957328,0.0,0.8963730569948186,0.4344929681717246,0.0222057735011102,0.1645021645021645,0.0,0.1026592455163883,7079.0,0
350122,连江县,350122,连江县,福建省,福州市,135,111,24,0,0,0.6518518518518519,0.1851851851851851,0.0148148148148148,0.0,0.7927927927927928,0.2252252252252252,0.018018018018018,0.1777777777777777,0.0,0.1111111111111111,266.0,0
350123,罗源县,350123,罗源县,福建省,福州市,44,35,9,0,0,0.6136363636363636,0.1136363636363636,0.0,0.0,0.7714285714285715,0.1428571428571428,0.0,0.2045454545454545,0.0,0.0681818181818181,197.0,0
350124,闽清县,350124,闽清县,福建省,福州市,31,27,4,0,0,0.4838709677419355,0.1290322580645161,0.0,0.0,0.5555555555555556,0.1481481481481481,0.0,0.1290322580645161,0.0,0.1935483870967742,35.0,0
350125,永泰县,350125,永泰县,福建省,福州市,20,16,4,0,0,0.7,0.15,0.0,0.0,0.875,0.1875,0.0,0.2,0.0,0.25,105.0,0
350128,平潭县,350128,平潭县,福建省,福州市,63,49,14,0,0,0.7142857142857143,0.238095238095238,0.0,0.0,0.9183673469387756,0.3061224489795918,0.0,0.2222222222222222,0.0,0.1904761904761904,1332.0,0
350181,福清市,350181,福清市,福建省,福州市,413,338,75,0,0,0.6319612590799032,0.2058111380145278,0.0024213075060532,0.0,0.772189349112426,0.2514792899408284,0.0029585798816568,0.1815980629539951,0.0,0.1476997578692493,1216.0,0
350322,仙游县,350322,仙游县,福建省,莆田市,187,149,38,0,0,0.6577540106951871,0.2513368983957219,0.0160427807486631,0.0,0.825503355704698,0.3154362416107382,0.0201342281879194,0.2032085561497326,0.0,0.0695187165775401,1565.0,0
350405,沙县区,350427,沙县,福建省,三明市,24,18,6,0,0,0.4583333333333333,0.2083333333333333,0.0,0.0,0.6111111111111112,0.2777777777777778,0.0,0.25,0.0,0.125,79.0,0
350421,明溪县,350421,明溪县,福建省,三明市,54,45,9,0,0,0.7407407407407407,0.2592592592592592,0.0185185185185185,0.0,0.8888888888888888,0.3111111111111111,0.0222222222222222,0.1666666666666666,0.0,0.0,289.0,0
350423,清流县,350423,清流县,福建省,三明市,15,11,4,0,0,0.7333333333333333,0.2666666666666666,0.0,0.0,1.0,0.3636363636363636,0.0,0.2666666666666666,0.0,0.0,1039.0,0
350424,宁化县,350424,宁化县,福建省,三明市,41,35,6,0,0,0.5121951219512195,0.2682926829268293,0.0,0.0,0.6,0.3142857142857143,0.0,0.1463414634146341,0.0,0.0,147.0,0
350425,大田县,350425,大田县,福建省,三明市,65,53,12,0,0,0.6,0.2307692307692307,0.0,0.0,0.7358490566037735,0.2830188679245283,0.0,0.1846153846153846,0.0,0.0,521.0,0
350426,尤溪县,350426,尤溪县,福建省,三明市,37,33,4,0,0,0.7567567567567568,0.081081081081081,0.027027027027027,0.0,0.8484848484848485,0.0909090909090909,0.0303030303030303,0.1081081081081081,0.0,0.0,235.0,0
350428,将乐县,350428,将乐县,福建省,三明市,22,22,0,0,0,0.8181818181818182,0.0909090909090909,0.0,0.0,0.8181818181818182,0.0909090909090909,0.0,0.0,0.0,0.0,44.0,0
350429,泰宁县,350429,泰宁县,福建省,三明市,29,22,7,0,0,0.5862068965517241,0.3448275862068966,0.0,0.0,0.7727272727272727,0.4545454545454545,0.0,0.2413793103448276,0.0,0.0689655172413793,289.0,0
350430,建宁县,350430,建宁县,福建省,三明市,22,20,2,0,0,0.8181818181818182,0.2727272727272727,0.0454545454545454,0.0454545454545454,0.9,0.3,0.05,0.0909090909090909,0.0,0.0,64.0,0
350481,永安市,350481,永安市,福建省,三明市,48,41,7,0,0,0.7291666666666666,0.2916666666666667,0.0,0.0,0.8536585365853658,0.3414634146341463,0.0,0.1458333333333333,0.0,0.0416666666666666,300.0,0
350521,惠安县,350521,惠安县,福建省,泉州市,252,208,44,0,0,0.6666666666666666,0.238095238095238,0.0039682539682539,0.0,0.8076923076923077,0.2884615384615384,0.0048076923076923,0.1746031746031746,0.0,0.0714285714285714,934.0,0
350524,安溪县,350524,安溪县,福建省,泉州市,115,78,37,0,0,0.4869565217391304,0.0869565217391304,0.0,0.0,0.717948717948718,0.1282051282051282,0.0,0.3217391304347826,0.0,0.0608695652173913,419.0,0
350525,永春县,350525,永春县,福建省,泉州市,41,34,7,0,0,0.6829268292682927,0.1951219512195122,0.0,0.0,0.8235294117647058,0.2352941176470588,0.0,0.1707317073170731,0.0,0.073170731707317,182.0,0
350526,德化县,350526,德化县,福建省,泉州市,31,26,5,0,0,0.5483870967741935,0.1290322580645161,0.0,0.0,0.6538461538461539,0.1538461538461538,0.0,0.1612903225806451,0.0,0.0967741935483871,103.0,0
350527,金门县,350527,金门县,福建省,泉州市,2,2,0,0,0,1.0,0.0,0.0,0.0,1.0,0.0,0.0,0.0,0.0,0.0,3.0,1
350581,石狮市,350581,石狮市,福建省,泉州市,283,188,95,0,0,0.5017667844522968,0.1166077738515901,0.0,0.0,0.7553191489361702,0.175531914893617,0.0,0.3356890459363957,0.0,0.07773851590106,2914.0,0
350582,晋江市,350582,晋江市,福建省,泉州市,807,591,215,0,1,0.5687732342007435,0.1499380421313506,0.0024783147459727,0.0,0.7766497461928934,0.2047377326565143,0.0033840947546531,0.2664188351920694,0.0,0.0755885997521685,6257.0,0
350583,南安市,350583,南安市,福建省,泉州市,385,320,65,0,0,0.6883116883116883,0.2623376623376623,0.0259740259740259,0.0077922077922077,0.828125,0.315625,0.03125,0.1688311688311688,0.0,0.0675324675324675,2640.0,0
350622,云霄县,350622,云霄县,福建省,漳州市,120,102,18,0,0,0.6833333333333333,0.175,0.0083333333333333,0.0,0.803921568627451,0.2058823529411764,0.0098039215686274,0.15,0.0,0.0833333333333333,379.0,0
350623,漳浦县,350623,漳浦县,福建省,漳州市,86,73,13,0,0,0.6162790697674418,0.2209302325581395,0.0116279069767441,0.0,0.726027397260274,0.2602739726027397,0.0136986301369863,0.1511627906976744,0.0,0.0697674418604651,207.0,0
350624,诏安县,350624,诏安县,福建省,漳州市,38,33,5,0,0,0.7105263157894737,0.131578947368421,0.0263157894736842,0.0,0.8181818181818182,0.1515151515151515,0.0303030303030303,0.131578947368421,0.0,0.1052631578947368,268.0,0
350626,东山县,350626,东山县,福建省,漳州市,92,75,17,0,0,0.6195652173913043,0.2065217391304347,0.0108695652173913,0.0,0.76,0.2533333333333333,0.0133333333333333,0.1847826086956521,0.0,0.0326086956521739,503.0,0
350627,南靖县,350627,南靖县,福建省,漳州市,93,73,20,0,0,0.6666666666666666,0.1827956989247312,0.0,0.0,0.8493150684931506,0.2328767123287671,0.0,0.2150537634408602,0.0,0.032258064516129,552.0,0
350628,平和县,350628,平和县,福建省,漳州市,77,59,18,0,0,0.5974025974025974,0.2467532467532467,0.0,0.0,0.7796610169491526,0.3220338983050847,0.0,0.2337662337662337,0.0,0.0779220779220779,507.0,0
350629,华安县,350629,华安县,福建省,漳州市,45,30,15,0,0,0.4444444444444444,0.0666666666666666,0.0,0.0,0.6666666666666666,0.1,0.0,0.3333333333333333,0.0,0.1111111111111111,223.0,0
350721,顺昌县,350721,顺昌县,福建省,南平市,8,5,3,0,0,0.5,0.5,0.0,0.0,0.8,0.8,0.0,0.375,0.0,0.0,23.0,1
350722,浦城县,350722,浦城县,福建省,南平市,71,58,13,0,0,0.6619718309859155,0.2535211267605634,0.0,0.0,0.8103448275862069,0.3103448275862069,0.0,0.1830985915492957,0.0,0.1126760563380281,330.0,0
350723,光泽县,350723,光泽县,福建省,南平市,42,32,10,0,0,0.6666666666666666,0.1666666666666666,0.0,0.0,0.875,0.21875,0.0,0.238095238095238,0.0,0.0476190476190476,139.0,0
350724,松溪县,350724,松溪县,福建省,南平市,32,28,4,0,0,0.65625,0.375,0.0,0.0,0.75,0.4285714285714285,0.0,0.125,0.0,0.125,115.0,0
350725,政和县,350725,政和县,福建省,南平市,53,41,12,0,0,0.6981132075471698,0.2452830188679245,0.0,0.0,0.902439024390244,0.3170731707317073,0.0,0.2264150943396226,0.0,0.0566037735849056,248.0,0
350781,邵武市,350781,邵武市,福建省,南平市,62,60,2,0,0,0.8387096774193549,0.3870967741935484,0.0161290322580645,0.0,0.8666666666666667,0.4,0.0166666666666666,0.032258064516129,0.0,0.0483870967741935,277.0,0
350782,武夷山市,350782,武夷山市,福建省,南平市,65,52,13,0,0,0.5384615384615384,0.1538461538461538,0.0307692307692307,0.0,0.6730769230769231,0.1923076923076923,0.0384615384615384,0.2,0.0,0.0615384615384615,245.0,0
350783,建瓯市,350783,建瓯市,福建省,南平市,28,22,6,0,0,0.5714285714285714,0.2142857142857142,0.0,0.0,0.7272727272727273,0.2727272727272727,0.0,0.2142857142857142,0.0,0.0357142857142857,57.0,0
350821,长汀县,350821,长汀县,福建省,龙岩市,91,68,23,0,0,0.6373626373626373,0.3296703296703296,0.0109890109890109,0.0,0.8529411764705882,0.4411764705882353,0.0147058823529411,0.2527472527472527,0.0,0.1098901098901098,547.0,0
350823,上杭县,350823,上杭县,福建省,龙岩市,58,50,8,0,0,0.7758620689655172,0.4310344827586206,0.0172413793103448,0.0,0.9,0.5,0.02,0.1379310344827586,0.0,0.0344827586206896,95.0,0
350824,武平县,350824,武平县,福建省,龙岩市,79,68,11,0,0,0.7341772151898734,0.2784810126582278,0.0,0.0,0.8529411764705882,0.3235294117647059,0.0,0.1392405063291139,0.0,0.1012658227848101,471.0,0
350825,连城县,350825,连城县,福建省,龙岩市,59,47,12,0,0,0.6949152542372882,0.3050847457627119,0.0,0.0,0.8723404255319149,0.3829787234042553,0.0,0.2033898305084746,0.0,0.0508474576271186,225.0,0
350881,漳平市,350881,漳平市,福建省,龙岩市,44,40,4,0,0,0.6590909090909091,0.1363636363636363,0.0,0.0,0.725,0.15,0.0,0.0909090909090909,0.0,0.0,157.0,0
350921,霞浦县,350921,霞浦县,福建省,宁德市,103,80,23,0,0,0.6213592233009708,0.2233009708737864,0.0097087378640776,0.0,0.8,0.2875,0.0125,0.2233009708737864,0.0,0.0485436893203883,301.0,0
350922,古田县,350922,古田县,福建省,宁德市,56,48,8,0,0,0.7142857142857143,0.0892857142857142,0.0,0.0,0.8333333333333334,0.1041666666666666,0.0,0.1428571428571428,0.0,0.0178571428571428,148.0,0
350923,屏南县,350923,屏南县,福建省,宁德市,83,75,8,0,0,0.6987951807228916,0.3373493975903614,0.036144578313253,0.0,0.7733333333333333,0.3733333333333333,0.04,0.0963855421686747,0.0,0.1325301204819277,481.0,0
350924,寿宁县,350924,寿宁县,福建省,宁德市,81,68,13,0,0,0.691358024691358,0.2962962962962963,0.0246913580246913,0.0,0.8235294117647058,0.3529411764705882,0.0294117647058823,0.1604938271604938,0.0,0.074074074074074,397.0,0
350925,周宁县,350925,周宁县,福建省,宁德市,47,40,7,0,0,0.7021276595744681,0.2127659574468085,0.0,0.0,0.825,0.25,0.0,0.1489361702127659,0.0,0.0851063829787234,333.0,0
350926,柘荣县,350926,柘荣县,福建省,宁德市,80,67,13,0,0,0.725,0.2875,0.025,0.0,0.8656716417910447,0.3432835820895522,0.0298507462686567,0.1625,0.0,0.075,259.0,0
350981,福安市,350981,福安市,福建省,宁德市,148,128,20,0,0,0.6824324324324325,0.1891891891891892,0.0,0.0,0.7890625,0.21875,0.0,0.1351351351351351,0.0,0.0675675675675675,445.0,0
350982,福鼎市,350982,福鼎市,福建省,宁德市,226,199,27,0,0,0.6858407079646017,0.1946902654867256,0.0088495575221238,0.0,0.7788944723618091,0.2211055276381909,0.0100502512562814,0.1194690265486725,0.0,0.0752212389380531,1083.0,0
360121,南昌县,360121,南昌县,江西省,南昌市,1140,828,311,0,1,0.612280701754386,0.2210526315789473,0.0184210526315789,0.0008771929824561,0.8429951690821256,0.3043478260869565,0.0253623188405797,0.2728070175438596,0.0,0.0956140350877193,17914.0,0
360123,安义县,360123,安义县,江西省,南昌市,317,245,72,0,0,0.6624605678233438,0.2050473186119873,0.0094637223974763,0.0,0.8571428571428571,0.2653061224489796,0.0122448979591836,0.2271293375394321,0.0,0.028391167192429,1097.0,0
360124,进贤县,360124,进贤县,江西省,南昌市,183,142,41,0,0,0.6666666666666666,0.1693989071038251,0.0054644808743169,0.0,0.8591549295774648,0.2183098591549295,0.0070422535211267,0.2240437158469945,0.0,0.0437158469945355,704.0,0
360222,浮梁县,360222,浮梁县,江西省,景德镇市,140,110,30,0,0,0.6,0.1285714285714285,0.0,0.0,0.7636363636363637,0.1636363636363636,0.0,0.2142857142857142,0.0,0.0285714285714285,1731.0,0
360281,乐平市,360281,乐平市,江西省,景德镇市,178,135,43,0,0,0.5786516853932584,0.196629213483146,0.0,0.0,0.762962962962963,0.2592592592592592,0.0,0.2415730337078651,0.0,0.1011235955056179,5509.0,0
360321,莲花县,360321,莲花县,江西省,萍乡市,97,65,32,0,0,0.5257731958762887,0.1030927835051546,0.0,0.0,0.7846153846153846,0.1538461538461538,0.0,0.3298969072164948,0.0,0.0721649484536082,1756.0,0
360322,上栗县,360322,上栗县,江西省,萍乡市,78,53,25,0,0,0.5,0.0641025641025641,0.0,0.0,0.7358490566037735,0.0943396226415094,0.0,0.3205128205128205,0.0,0.0384615384615384,1670.0,0
360323,芦溪县,360323,芦溪县,江西省,萍乡市,43,33,10,0,0,0.6744186046511628,0.3720930232558139,0.0232558139534883,0.0,0.8787878787878788,0.4848484848484848,0.0303030303030303,0.2325581395348837,0.0,0.0232558139534883,593.0,0
360423,武宁县,360423,武宁县,江西省,九江市,46,41,5,0,0,0.6739130434782609,0.2391304347826087,0.0,0.0,0.7560975609756098,0.2682926829268293,0.0,0.108695652173913,0.0,0.0,100.0,0
360424,修水县,360424,修水县,江西省,九江市,62,53,9,0,0,0.7741935483870968,0.2258064516129032,0.0161290322580645,0.0,0.9056603773584906,0.2641509433962264,0.0188679245283018,0.1451612903225806,0.0,0.0483870967741935,149.0,0
360425,永修县,360425,永修县,江西省,九江市,117,100,17,0,0,0.6837606837606838,0.282051282051282,0.0,0.0,0.8,0.33,0.0,0.1452991452991453,0.0,0.0683760683760683,602.0,0
360426,德安县,360426,德安县,江西省,九江市,73,57,16,0,0,0.6438356164383562,0.2054794520547945,0.0,0.0,0.8245614035087719,0.2631578947368421,0.0,0.2191780821917808,0.0,0.0684931506849315,204.0,0
360428,都昌县,360428,都昌县,江西省,九江市,108,87,21,0,0,0.6666666666666666,0.25,0.0,0.0,0.8275862068965517,0.3103448275862069,0.0,0.1944444444444444,0.0,0.1203703703703703,572.0,0
360429,湖口县,360429,湖口县,江西省,九江市,79,69,10,0,0,0.6582278481012658,0.240506329113924,0.0,0.0,0.7536231884057971,0.2753623188405797,0.0,0.1265822784810126,0.0,0.050632911392405,194.0,0
360430,彭泽县,360430,彭泽县,江西省,九江市,49,45,4,0,0,0.8775510204081632,0.4693877551020408,0.0,0.0,0.9555555555555556,0.5111111111111111,0.0,0.0816326530612244,0.0,0.0816326530612244,297.0,0
360481,瑞昌市,360481,瑞昌市,江西省,九江市,115,84,31,0,0,0.4608695652173913,0.1130434782608695,0.0,0.0,0.6309523809523809,0.1547619047619047,0.0,0.2695652173913043,0.0,0.0260869565217391,1279.0,0
360482,共青城市,360482,共青城市,江西省,九江市,125,110,15,0,0,0.768,0.352,0.024,0.0,0.8727272727272727,0.4,0.0272727272727272,0.12,0.0,0.064,547.0,0
360483,庐山市,360483,庐山市,江西省,九江市,61,46,15,0,0,0.6557377049180327,0.2786885245901639,0.0,0.0,0.8695652173913043,0.3695652173913043,0.0,0.2459016393442623,0.0,0.0655737704918032,217.0,0
360521,分宜县,360521,分宜县,江西省,新余市,76,55,21,0,0,0.5526315789473685,0.1578947368421052,0.0,0.0,0.7636363636363637,0.2181818181818181,0.0,0.2763157894736842,0.0,0.0789473684210526,2386.0,0
360681,贵溪市,360681,贵溪市,江西省,鹰潭市,143,109,34,0,0,0.5804195804195804,0.1188811188811188,0.0,0.0,0.7614678899082569,0.1559633027522936,0.0,0.2377622377622377,0.0,0.0629370629370629,546.0,0
360722,信丰县,360722,信丰县,江西省,赣州市,120,101,19,0,0,0.7333333333333333,0.3416666666666667,0.025,0.0,0.8712871287128713,0.4059405940594059,0.0297029702970297,0.1583333333333333,0.0,0.0916666666666666,533.0,0
360723,大余县,360723,大余县,江西省,赣州市,45,33,12,0,0,0.6444444444444445,0.1555555555555555,0.0,0.0,0.8787878787878788,0.2121212121212121,0.0,0.2666666666666666,0.0,0.0444444444444444,515.0,0
360724,上犹县,360724,上犹县,江西省,赣州市,38,26,12,0,0,0.6052631578947368,0.2368421052631578,0.0263157894736842,0.0,0.8846153846153846,0.3461538461538461,0.0384615384615384,0.3157894736842105,0.0,0.0526315789473684,1111.0,0
360725,崇义县,360725,崇义县,江西省,赣州市,40,33,7,0,0,0.75,0.375,0.0,0.0,0.9090909090909092,0.4545454545454545,0.0,0.175,0.0,0.125,225.0,0
360726,安远县,360726,安远县,江西省,赣州市,53,35,18,0,0,0.5849056603773585,0.2641509433962264,0.0,0.0,0.8857142857142857,0.4,0.0,0.3396226415094339,0.0,0.0377358490566037,1844.0,0
360728,定南县,360728,定南县,江西省,赣州市,40,30,10,0,0,0.625,0.325,0.025,0.0,0.8333333333333334,0.4333333333333333,0.0333333333333333,0.25,0.0,0.05,161.0,0
360729,全南县,360729,全南县,江西省,赣州市,39,34,5,0,0,0.7435897435897436,0.3333333333333333,0.0,0.0,0.8529411764705882,0.3823529411764705,0.0,0.1282051282051282,0.0,0.0769230769230769,882.0,0
360730,宁都县,360730,宁都县,江西省,赣州市,47,33,14,0,0,0.5531914893617021,0.2127659574468085,0.0,0.0,0.7878787878787878,0.303030303030303,0.0,0.2978723404255319,0.0,0.0,860.0,0
360731,于都县,360731,于都县,江西省,赣州市,81,63,18,0,0,0.6049382716049383,0.1481481481481481,0.0,0.0,0.7777777777777778,0.1904761904761904,0.0,0.2222222222222222,0.0,0.074074074074074,383.0,0
360732,兴国县,360732,兴国县,江西省,赣州市,52,46,6,0,0,0.7692307692307693,0.1923076923076923,0.0,0.0,0.8695652173913043,0.217391304347826,0.0,0.1153846153846153,0.0,0.0769230769230769,218.0,0
360733,会昌县,360733,会昌县,江西省,赣州市,40,31,9,0,0,0.6,0.125,0.0,0.0,0.7741935483870968,0.1612903225806451,0.0,0.225,0.0,0.05,318.0,0
360734,寻乌县,360734,寻乌县,江西省,赣州市,39,34,5,0,0,0.8205128205128205,0.282051282051282,0.0,0.0,0.9411764705882352,0.3235294117647059,0.0,0.1282051282051282,0.0,0.0256410256410256,157.0,0
360735,石城县,360735,石城县,江西省,赣州市,40,27,13,0,0,0.55,0.125,0.0,0.0,0.8148148148148148,0.1851851851851851,0.0,0.325,0.0,0.075,494.0,0
360781,瑞金市,360781,瑞金市,江西省,赣州市,77,58,19,0,0,0.6623376623376623,0.2337662337662337,0.0,0.0,0.8793103448275862,0.3103448275862069,0.0,0.2467532467532467,0.0,0.0389610389610389,1716.0,0
360783,龙南市,360727,龙南县,江西省,赣州市,88,75,13,0,0,0.7159090909090909,0.2954545454545454,0.0113636363636363,0.0,0.84,0.3466666666666667,0.0133333333333333,0.1477272727272727,0.0,0.0795454545454545,1035.0,0
360821,吉安县,360821,吉安县,江西省,吉安市,423,298,125,0,0,0.5602836879432624,0.1371158392434988,0.0070921985815602,0.0,0.7953020134228188,0.1946308724832214,0.0100671140939597,0.2955082742316784,0.0,0.0851063829787234,7807.0,0
360822,吉水县,360822,吉水县,江西省,吉安市,40,26,14,0,0,0.5,0.1,0.0,0.0,0.7692307692307693,0.1538461538461538,0.0,0.35,0.0,0.075,652.0,0
360823,峡江县,360823,峡江县,江西省,吉安市,21,15,6,0,0,0.5714285714285714,0.238095238095238,0.0,0.0,0.8,0.3333333333333333,0.0,0.2857142857142857,0.0,0.1428571428571428,201.0,0
360824,新干县,360824,新干县,江西省,吉安市,34,18,16,0,0,0.3823529411764705,0.0588235294117647,0.0,0.0,0.7222222222222222,0.1111111111111111,0.0,0.4705882352941176,0.0,0.088235294117647,1261.0,0
360825,永丰县,360825,永丰县,江西省,吉安市,26,20,6,0,0,0.6153846153846154,0.0384615384615384,0.0,0.0,0.8,0.05,0.0,0.2307692307692307,0.0,0.0769230769230769,82.0,0
360826,泰和县,360826,泰和县,江西省,吉安市,102,74,28,0,0,0.6176470588235294,0.1568627450980392,0.0,0.0,0.8513513513513513,0.2162162162162162,0.0,0.2745098039215686,0.0,0.1078431372549019,976.0,0
360827,遂川县,360827,遂川县,江西省,吉安市,53,41,12,0,0,0.6037735849056604,0.1698113207547169,0.0,0.0,0.7804878048780488,0.2195121951219512,0.0,0.2264150943396226,0.0,0.1132075471698113,1140.0,0
360828,万安县,360828,万安县,江西省,吉安市,50,38,12,0,0,0.64,0.14,0.0,0.0,0.8421052631578947,0.1842105263157894,0.0,0.24,0.0,0.08,827.0,0
360829,安福县,360829,安福县,江西省,吉安市,29,19,10,0,0,0.5172413793103449,0.1379310344827586,0.0,0.0,0.7894736842105263,0.2105263157894736,0.0,0.3448275862068966,0.0,0.0344827586206896,364.0,0
360830,永新县,360830,永新县,江西省,吉安市,21,16,5,0,0,0.6190476190476191,0.0952380952380952,0.0,0.0,0.8125,0.125,0.0,0.238095238095238,0.0,0.0476190476190476,338.0,0
360881,井冈山市,360881,井冈山市,江西省,吉安市,29,23,6,0,0,0.6896551724137931,0.1379310344827586,0.0,0.0,0.8695652173913043,0.1739130434782608,0.0,0.2068965517241379,0.0,0.1379310344827586,471.0,0
360921,奉新县,360921,奉新县,江西省,宜春市,92,84,8,0,0,0.75,0.217391304347826,0.0108695652173913,0.0,0.8214285714285714,0.238095238095238,0.0119047619047619,0.0869565217391304,0.0,0.0434782608695652,296.0,0
360922,万载县,360922,万载县,江西省,宜春市,51,44,7,0,0,0.6666666666666666,0.2941176470588235,0.0,0.0,0.7727272727272727,0.3409090909090909,0.0,0.1372549019607843,0.0,0.0392156862745098,212.0,0
360923,上高县,360923,上高县,江西省,宜春市,41,34,7,0,0,0.6341463414634146,0.1951219512195122,0.0,0.0,0.7647058823529411,0.2352941176470588,0.0,0.1707317073170731,0.0,0.0975609756097561,1183.0,0
360924,宜丰县,360924,宜丰县,江西省,宜春市,51,39,12,0,0,0.7254901960784313,0.2156862745098039,0.0,0.0,0.9487179487179488,0.282051282051282,0.0,0.2352941176470588,0.0,0.0588235294117647,225.0,0
360925,靖安县,360925,靖安县,江西省,宜春市,42,31,11,0,0,0.5952380952380952,0.2142857142857142,0.0238095238095238,0.0,0.8064516129032258,0.2903225806451613,0.032258064516129,0.2619047619047619,0.0,0.0,807.0,0
360926,铜鼓县,360926,铜鼓县,江西省,宜春市,6,5,1,0,0,0.6666666666666666,0.3333333333333333,0.0,0.0,0.8,0.4,0.0,0.1666666666666666,0.0,0.1666666666666666,24.0,1
360981,丰城市,360981,丰城市,江西省,宜春市,171,141,30,0,0,0.6900584795321637,0.1871345029239766,0.0116959064327485,0.0,0.8368794326241135,0.226950354609929,0.0141843971631205,0.175438596491228,0.0,0.0760233918128654,1013.0,0
360982,樟树市,360982,樟树市,江西省,宜春市,201,164,37,0,0,0.6467661691542289,0.2288557213930348,0.0,0.0,0.7926829268292683,0.2804878048780488,0.0,0.1840796019900497,0.0,0.0497512437810945,1992.0,0
360983,高安市,360983,高安市,江西省,宜春市,100,84,16,0,0,0.7,0.17,0.0,0.0,0.8333333333333334,0.2023809523809523,0.0,0.16,0.0,0.07,1534.0,0
361021,南城县,361021,南城县,江西省,抚州市,60,50,10,0,0,0.6333333333333333,0.2666666666666666,0.0,0.0,0.76,0.32,0.0,0.1666666666666666,0.0,0.0833333333333333,777.0,0
361022,黎川县,361022,黎川县,江西省,抚州市,16,15,1,0,0,0.6875,0.25,0.0,0.0,0.7333333333333333,0.2666666666666666,0.0,0.0625,0.0,0.0,17.0,0
361023,南丰县,361023,南丰县,江西省,抚州市,42,32,10,0,0,0.4047619047619047,0.1428571428571428,0.0,0.0,0.53125,0.1875,0.0,0.238095238095238,0.0,0.0714285714285714,200.0,0
361024,崇仁县,361024,崇仁县,江西省,抚州市,56,42,14,0,0,0.5,0.125,0.0178571428571428,0.0,0.6666666666666666,0.1666666666666666,0.0238095238095238,0.25,0.0,0.0535714285714285,513.0,0
361025,乐安县,361025,乐安县,江西省,抚州市,29,23,6,0,0,0.5862068965517241,0.1379310344827586,0.0,0.0,0.7391304347826086,0.1739130434782608,0.0,0.2068965517241379,0.0,0.0344827586206896,477.0,0
361026,宜黄县,361026,宜黄县,江西省,抚州市,24,18,6,0,0,0.625,0.2083333333333333,0.0,0.0,0.8333333333333334,0.2777777777777778,0.0,0.25,0.0,0.0833333333333333,151.0,0
361027,金溪县,361027,金溪县,江西省,抚州市,114,89,25,0,0,0.6403508771929824,0.1842105263157894,0.0,0.0,0.8202247191011236,0.2359550561797752,0.0,0.219298245614035,0.0,0.087719298245614,921.0,0
361028,资溪县,361028,资溪县,江西省,抚州市,17,14,3,0,0,0.7058823529411765,0.1176470588235294,0.0588235294117647,0.0588235294117647,0.8571428571428571,0.1428571428571428,0.0714285714285714,0.1764705882352941,0.0,0.2352941176470588,62.0,0
361030,广昌县,361030,广昌县,江西省,抚州市,25,20,5,0,0,0.68,0.2,0.0,0.0,0.85,0.25,0.0,0.2,0.0,0.12,53.0,0
361123,玉山县,361123,玉山县,江西省,上饶市,82,62,20,0,0,0.6463414634146342,0.1463414634146341,0.0,0.0,0.8548387096774194,0.1935483870967742,0.0,0.2439024390243902,0.0,0.0853658536585365,182.0,0
361124,铅山县,361124,铅山县,江西省,上饶市,89,76,13,0,0,0.6853932584269663,0.1797752808988764,0.0,0.0,0.8026315789473685,0.2105263157894736,0.0,0.146067415730337,0.0,0.0112359550561797,398.0,0
361125,横峰县,361125,横峰县,江西省,上饶市,20,15,5,0,0,0.6,0.15,0.0,0.0,0.8,0.2,0.0,0.25,0.0,0.1,33.0,0
361126,弋阳县,361126,弋阳县,江西省,上饶市,42,29,13,0,0,0.5714285714285714,0.1428571428571428,0.0,0.0,0.8275862068965517,0.2068965517241379,0.0,0.3095238095238095,0.0,0.0714285714285714,190.0,0
361127,余干县,361127,余干县,江西省,上饶市,72,55,17,0,0,0.5694444444444444,0.1805555555555555,0.0138888888888888,0.0,0.7454545454545455,0.2363636363636363,0.0181818181818181,0.2361111111111111,0.0,0.0694444444444444,215.0,0
361128,鄱阳县,361128,鄱阳县,江西省,上饶市,222,184,38,0,0,0.6216216216216216,0.1846846846846846,0.0045045045045045,0.0,0.75,0.2228260869565217,0.0054347826086956,0.1711711711711711,0.0,0.063063063063063,925.0,0
361129,万年县,361129,万年县,江西省,上饶市,48,40,8,0,0,0.625,0.25,0.0,0.0,0.75,0.3,0.0,0.1666666666666666,0.0,0.0833333333333333,283.0,0
361130,婺源县,361130,婺源县,江西省,上饶市,50,43,7,0,0,0.64,0.16,0.02,0.0,0.7441860465116279,0.1860465116279069,0.0232558139534883,0.14,0.0,0.06,413.0,0
361181,德兴市,361181,德兴市,江西省,上饶市,58,47,11,0,0,0.603448275862069,0.1896551724137931,0.0172413793103448,0.0,0.7446808510638298,0.2340425531914893,0.0212765957446808,0.1896551724137931,0.0,0.0862068965517241,269.0,0
410122,中牟县,410122,中牟县,河南省,郑州市,16,0,7,9,0,0.0,0.0,0.0,0.0,,,,0.4375,0.5625,0.5625,12.0,0
410181,巩义市,410181,巩义市,河南省,郑州市,2,0,1,1,0,0.0,0.0,0.0,0.0,,,,0.5,0.5,0.5,8.0,1
410182,荥阳市,410182,荥阳市,河南省,郑州市,8,0,5,3,0,0.0,0.0,0.0,0.0,,,,0.625,0.375,0.375,5.0,1
410183,新密市,410183,新密市,河南省,郑州市,1,0,1,0,0,0.0,0.0,0.0,0.0,,,,1.0,0.0,0.0,1.0,1
410184,新郑市,410184,新郑市,河南省,郑州市,12,0,4,8,0,0.0,0.0,0.0,0.0,,,,0.333333,0.666667,0.75,7.0,0
410185,登封市,410185,登封市,河南省,郑州市,3,0,0,3,0,0.0,0.0,0.0,0.0,,,,0.0,1.0,1.0,0.0,1
410221,杞县,410221,杞县,河南省,开封市,60,0,21,39,0,0.0,0.0,0.0,0.0,,,,0.35,0.65,0.7667,73.0,0
410222,通许县,410222,通许县,河南省,开封市,34,2,20,12,2,0.0,0.0,0.0,0.0,0.0,0.0,0.0,0.588235,0.352941,0.7059,23.0,0
410223,尉氏县,410223,尉氏县,河南省,开封市,54,6,26,22,1,0.092593,0.037037,0.0,0.0,0.833333,0.333333,0.0,0.481481,0.407407,0.6111,89.0,0
410225,兰考县,410225,兰考县,河南省,开封市,30,2,15,13,2,0.0,0.0,0.0,0.0,0.0,0.0,0.0,0.5,0.433333,0.7,35.0,0
410307,偃师区,410307,偃师区,河南省,洛阳市,85,6,31,48,2,0.047059,0.0,0.0,0.0,0.666667,0.0,0.0,0.364706,0.564706,0.7765,133.0,0
410308,孟津区,410308,孟津区,河南省,洛阳市,30,2,12,16,0,0.066667,0.033333,0.0,0.0,1.0,0.5,0.0,0.4,0.533333,0.7333,70.0,0
410323,新安县,410323,新安县,河南省,洛阳市,47,0,22,25,0,0.0,0.0,0.0,0.0,,,,0.468085,0.531915,0.7234,85.0,0
410324,栾川县,410324,栾川县,河南省,洛阳市,0,0,0,0,0,0.0,0.0,0.0,0.0,,,,0.0,0.0,,0.0,1
410325,嵩县,410325,嵩县,河南省,洛阳市,1,0,0,1,0,0.0,0.0,0.0,0.0,,,,0.0,1.0,1.0,0.0,1
410326,汝阳县,410326,汝阳县,河南省,洛阳市,51,5,16,30,2,0.058824,0.019608,0.0,0.0,0.6,0.2,0.0,0.313725,0.588235,0.7451,32.0,0
410327,宜阳县,410327,宜阳县,河南省,洛阳市,32,1,17,14,0,0.03125,0.0,0.0,0.0,1.0,0.0,0.0,0.53125,0.4375,0.75,59.0,0
410328,洛宁县,410328,洛宁县,河南省,洛阳市,1,0,0,1,0,0.0,0.0,0.0,0.0,,,,0.0,1.0,1.0,0.0,1
410329,伊川县,410329,伊川县,河南省,洛阳市,47,4,30,13,2,0.042553,0.021277,0.0,0.0,0.5,0.25,0.0,0.638298,0.276596,0.4043,200.0,0
410421,宝丰县,410421,宝丰县,河南省,平顶山市,72,3,16,53,1,0.027778,0.013889,0.0,0.0,0.666667,0.333333,0.0,0.222222,0.736111,0.8194,89.0,0
410422,叶县,410422,叶县,河南省,平顶山市,9,0,4,5,0,0.0,0.0,0.0,0.0,,,,0.444444,0.555556,0.6667,19.0,1
410423,鲁山县,410423,鲁山县,河南省,平顶山市,11,0,5,6,0,0.0,0.0,0.0,0.0,,,,0.454545,0.545455,0.5455,44.0,0
410425,郏县,410425,郏县,河南省,平顶山市,9,0,7,2,0,0.0,0.0,0.0,0.0,,,,0.777778,0.222222,0.5556,31.0,1
410481,舞钢市,410481,舞钢市,河南省,平顶山市,30,4,6,20,2,0.066667,0.033333,0.0,0.0,0.5,0.25,0.0,0.2,0.666667,0.8667,9.0,0
410482,汝州市,410482,汝州市,河南省,平顶山市,76,3,31,42,1,0.026316,0.0,0.0,0.0,0.666667,0.0,0.0,0.407895,0.552632,0.75,66.0,0
410522,安阳县,410522,安阳县,河南省,安阳市,91,3,18,70,3,0.0,0.0,0.0,0.0,0.0,0.0,0.0,0.197802,0.769231,0.8462,225.0,0
410523,汤阴县,410523,汤阴县,河南省,安阳市,5,1,2,2,1,0.0,0.0,0.0,0.0,0.0,0.0,0.0,0.4,0.4,0.4,121.0,1
410526,滑县,410526,滑县,河南省,安阳市,36,3,11,22,1,0.055556,0.055556,0.0,0.0,0.666667,0.666667,0.0,0.305556,0.611111,0.75,20.0,0
410527,内黄县,410527,内黄县,河南省,安阳市,2,0,1,1,0,0.0,0.0,0.0,0.0,,,,0.5,0.5,1.0,0.0,1
410581,林州市,410581,林州市,河南省,安阳市,30,2,4,24,1,0.033333,0.0,0.0,0.0,0.5,0.0,0.0,0.133333,0.8,0.9,15.0,0
410621,浚县,410621,浚县,河南省,鹤壁市,1,0,1,0,0,0.0,0.0,0.0,0.0,,,,1.0,0.0,0.0,10.0,1
410622,淇县,410622,淇县,河南省,鹤壁市,1,0,0,1,0,0.0,0.0,0.0,0.0,,,,0.0,1.0,1.0,0.0,1
410721,新乡县,410721,新乡县,河南省,新乡市,93,6,24,63,0,0.064516,0.0,0.0,0.0,1.0,0.0,0.0,0.258065,0.677419,0.8925,132.0,0
410724,获嘉县,410724,获嘉县,河南省,新乡市,46,5,13,28,1,0.086957,0.065217,0.0,0.0,0.8,0.6,0.0,0.282609,0.608696,0.8043,77.0,0
410725,原阳县,410725,原阳县,河南省,新乡市,39,3,11,25,0,0.076923,0.0,0.0,0.0,1.0,0.0,0.0,0.282051,0.641026,0.8462,29.0,0
410726,延津县,410726,延津县,河南省,新乡市,35,3,11,21,1,0.057143,0.0,0.0,0.0,0.666667,0.0,0.0,0.314286,0.6,0.8286,19.0,0
410727,封丘县,410727,封丘县,河南省,新乡市,34,2,11,21,0,0.058824,0.0,0.0,0.0,1.0,0.0,0.0,0.323529,0.617647,0.8529,9.0,0
410781,卫辉市,410781,卫辉市,河南省,新乡市,64,3,21,40,0,0.046875,0.015625,0.0,0.0,1.0,0.333333,0.0,0.328125,0.625,0.7969,71.0,0
410782,辉县市,410782,辉县市,河南省,新乡市,80,8,20,52,2,0.075,0.0,0.0,0.0,0.75,0.0,0.0,0.25,0.65,0.825,107.0,0
410783,长垣市,410783,长垣市,河南省,新乡市,57,10,9,38,5,0.087719,0.0,0.0,0.0,0.5,0.0,0.0,0.157895,0.666667,0.8421,40.0,0
410821,修武县,410821,修武县,河南省,焦作市,61,4,19,38,0,0.065574,0.016393,0.0,0.0,1.0,0.25,0.0,0.311475,0.622951,0.8033,86.0,0
410822,博爱县,410822,博爱县,河南省,焦作市,61,3,16,42,0,0.04918,0.016393,0.0,0.0,1.0,0.333333,0.0,0.262295,0.688525,0.8361,57.0,0
410823,武陟县,410823,武陟县,河南省,焦作市,59,4,16,39,2,0.033898,0.016949,0.0,0.0,0.5,0.25,0.0,0.271186,0.661017,0.7797,297.0,0
410825,温县,410825,温县,河南省,焦作市,30,3,12,15,1,0.066667,0.066667,0.0,0.0,0.666667,0.666667,0.0,0.4,0.5,0.6667,48.0,0
410882,沁阳市,410882,沁阳市,河南省,焦作市,29,3,6,20,0,0.103448,0.0,0.0,0.0,1.0,0.0,0.0,0.206897,0.689655,0.8966,10.0,0
410883,孟州市,410883,孟州市,河南省,焦作市,30,0,8,22,0,0.0,0.0,0.0,0.0,,,,0.266667,0.733333,0.8333,46.0,0
410922,清丰县,410922,清丰县,河南省,濮阳市,59,5,22,32,3,0.033898,0.0,0.0,0.0,0.4,0.0,0.0,0.372881,0.542373,0.7797,94.0,0
410923,南乐县,410923,南乐县,河南省,濮阳市,60,6,21,33,3,0.05,0.016667,0.0,0.0,0.5,0.166667,0.0,0.35,0.55,0.7667,53.0,0
410926,范县,410926,范县,河南省,濮阳市,34,1,17,16,0,0.029412,0.0,0.0,0.0,1.0,0.0,0.0,0.5,0.470588,0.8235,33.0,0
410927,台前县,410927,台前县,河南省,濮阳市,30,2,7,21,1,0.033333,0.0,0.0,0.0,0.5,0.0,0.0,0.233333,0.7,0.8667,15.0,0
410928,濮阳县,410928,濮阳县,河南省,濮阳市,85,5,14,66,4,0.011765,0.0,0.0,0.0,0.2,0.0,0.0,0.164706,0.776471,0.8706,27.0,0
411024,鄢陵县,411024,鄢陵县,河南省,许昌市,24,1,8,15,1,0.0,0.0,0.0,0.0,0.0,0.0,0.0,0.333333,0.625,0.75,240.0,0
411025,襄城县,411025,襄城县,河南省,许昌市,100,6,44,50,2,0.04,0.0,0.0,0.0,0.666667,0.0,0.0,0.44,0.5,0.65,250.0,0
411081,禹州市,411081,禹州市,河南省,许昌市,78,1,16,61,0,0.012821,0.0,0.0,0.0,1.0,0.0,0.0,0.205128,0.782051,0.8077,79.0,0
411082,长葛市,411082,长葛市,河南省,许昌市,15,0,1,14,0,0.0,0.0,0.0,0.0,,,,0.066667,0.933333,0.9333,5.0,0
411121,舞阳县,411121,舞阳县,河南省,漯河市,30,2,9,19,1,0.033333,0.0,0.0,0.0,0.5,0.0,0.0,0.3,0.633333,0.7333,25.0,0
411122,临颍县,411122,临颍县,河南省,漯河市,59,4,18,37,2,0.033898,0.0,0.0,0.0,0.5,0.0,0.0,0.305085,0.627119,0.7458,104.0,0
411221,渑池县,411221,渑池县,河南省,三门峡市,17,0,0,17,0,0.0,0.0,0.0,0.0,,,,0.0,1.0,1.0,0.0,0
411224,卢氏县,411224,卢氏县,河南省,三门峡市,36,0,8,28,0,0.0,0.0,0.0,0.0,,,,0.222222,0.777778,0.9444,21.0,0
411281,义马市,411281,义马市,河南省,三门峡市,49,0,7,42,0,0.0,0.0,0.0,0.0,,,,0.142857,0.857143,0.9796,17.0,0
411282,灵宝市,411282,灵宝市,河南省,三门峡市,46,6,10,30,2,0.086957,0.0,0.0,0.0,0.666667,0.0,0.0,0.217391,0.652174,0.913,8.0,0
411321,南召县,411321,南召县,河南省,南阳市,63,3,28,32,2,0.015873,0.0,0.0,0.0,0.333333,0.0,0.0,0.444444,0.507937,0.8095,127.0,0
411322,方城县,411322,方城县,河南省,南阳市,59,2,20,37,2,0.0,0.0,0.0,0.0,0.0,0.0,0.0,0.338983,0.627119,0.8814,34.0,0
411323,西峡县,411323,西峡县,河南省,南阳市,40,2,17,21,1,0.025,0.0,0.0,0.0,0.5,0.0,0.0,0.425,0.525,0.85,25.0,0
411324,镇平县,411324,镇平县,河南省,南阳市,45,2,16,27,2,0.0,0.0,0.0,0.0,0.0,0.0,0.0,0.355556,0.6,0.8889,13.0,0
411325,内乡县,411325,内乡县,河南省,南阳市,62,4,29,29,4,0.0,0.0,0.0,0.0,0.0,0.0,0.0,0.467742,0.467742,0.8226,59.0,0
411326,淅川县,411326,淅川县,河南省,南阳市,63,2,20,41,1,0.015873,0.015873,0.0,0.0,0.5,0.5,0.0,0.31746,0.650794,0.8571,42.0,0
411327,社旗县,411327,社旗县,河南省,南阳市,79,6,28,45,5,0.012658,0.0,0.0,0.0,0.166667,0.0,0.0,0.35443,0.56962,0.7722,96.0,0
411328,唐河县,411328,唐河县,河南省,南阳市,82,3,28,51,3,0.0,0.0,0.0,0.0,0.0,0.0,0.0,0.341463,0.621951,0.8171,74.0,0
411329,新野县,411329,新野县,河南省,南阳市,18,0,0,18,0,0.0,0.0,0.0,0.0,,,,0.0,1.0,1.0,0.0,0
411330,桐柏县,411330,桐柏县,河南省,南阳市,34,2,15,17,2,0.0,0.0,0.0,0.0,0.0,0.0,0.0,0.441176,0.5,0.8529,12.0,0
411381,邓州市,411381,邓州市,河南省,南阳市,45,4,6,35,2,0.044444,0.044444,0.0,0.0,0.5,0.5,0.0,0.133333,0.777778,0.8222,27.0,0
411421,民权县,411421,民权县,河南省,商丘市,70,1,34,35,1,0.0,0.0,0.0,0.0,0.0,0.0,0.0,0.485714,0.5,0.8571,20.0,0
411422,睢县,411422,睢县,河南省,商丘市,30,2,12,16,1,0.033333,0.0,0.0,0.0,0.5,0.0,0.0,0.4,0.533333,0.7333,41.0,0
411423,宁陵县,411423,宁陵县,河南省,商丘市,64,3,37,24,0,0.046875,0.0,0.0,0.0,1.0,0.0,0.0,0.578125,0.375,0.6562,76.0,0
411424,柘城县,411424,柘城县,河南省,商丘市,72,2,29,41,1,0.013889,0.0,0.0,0.0,0.5,0.0,0.0,0.402778,0.569444,0.8333,41.0,0
411425,虞城县,411425,虞城县,河南省,商丘市,74,1,29,44,1,0.0,0.0,0.0,0.0,0.0,0.0,0.0,0.391892,0.594595,0.8514,148.0,0
411426,夏邑县,411426,夏邑县,河南省,商丘市,65,2,28,35,2,0.0,0.0,0.0,0.0,0.0,0.0,0.0,0.430769,0.538462,0.8308,18.0,0
411481,永城市,411481,永城市,河南省,商丘市,41,1,7,33,0,0.02439,0.0,0.0,0.0,1.0,0.0,0.0,0.170732,0.804878,0.9024,11.0,0
411521,罗山县,411521,罗山县,河南省,信阳市,64,5,24,35,1,0.0625,0.015625,0.0,0.0,0.8,0.2,0.0,0.375,0.546875,0.7344,94.0,0
411522,光山县,411522,光山县,河南省,信阳市,60,8,24,28,5,0.05,0.0,0.0,0.0,0.375,0.0,0.0,0.4,0.466667,0.7,54.0,0
411523,新县,411523,新县,河南省,信阳市,69,8,45,16,5,0.043478,0.0,0.0,0.0,0.375,0.0,0.0,0.652174,0.231884,0.3333,82.0,0
411524,商城县,411524,商城县,河南省,信阳市,7,0,2,5,0,0.0,0.0,0.0,0.0,,,,0.285714,0.714286,0.8571,4.0,1
411525,固始县,411525,固始县,河南省,信阳市,44,0,10,34,0,0.0,0.0,0.0,0.0,,,,0.227273,0.772727,0.7955,47.0,0
411526,潢川县,411526,潢川县,河南省,信阳市,57,7,26,24,3,0.070175,0.017544,0.0,0.0,0.571429,0.142857,0.0,0.45614,0.421053,0.7368,32.0,0
411527,淮滨县,411527,淮滨县,河南省,信阳市,46,3,11,32,1,0.043478,0.043478,0.0,0.0,0.666667,0.666667,0.0,0.23913,0.695652,0.8478,23.0,0
411528,息县,411528,息县,河南省,信阳市,65,5,20,40,1,0.061538,0.015385,0.0,0.0,0.8,0.2,0.0,0.307692,0.615385,0.7846,35.0,0
411621,扶沟县,411621,扶沟县,河南省,周口市,66,8,23,35,3,0.075758,0.0,0.0,0.0,0.625,0.0,0.0,0.348485,0.530303,0.697,152.0,0
411622,西华县,411622,西华县,河南省,周口市,51,6,20,25,2,0.078431,0.0,0.0,0.0,0.666667,0.0,0.0,0.392157,0.490196,0.6078,50.0,0
411623,商水县,411623,商水县,河南省,周口市,46,5,14,27,1,0.086957,0.043478,0.0,0.0,0.8,0.4,0.0,0.304348,0.586957,0.8261,30.0,0
411624,沈丘县,411624,沈丘县,河南省,周口市,47,0,14,33,0,0.0,0.0,0.0,0.0,,,,0.297872,0.702128,0.7234,40.0,0
411625,郸城县,411625,郸城县,河南省,周口市,80,13,30,37,7,0.075,0.0,0.0,0.0,0.461538,0.0,0.0,0.375,0.4625,0.6625,87.0,0
411627,太康县,411627,太康县,河南省,周口市,28,1,11,16,1,0.0,0.0,0.0,0.0,0.0,0.0,0.0,0.392857,0.571429,0.8214,34.0,0
411628,鹿邑县,411628,鹿邑县,河南省,周口市,30,5,14,11,4,0.033333,0.0,0.0,0.0,0.2,0.0,0.0,0.466667,0.366667,0.5,49.0,0
411681,项城市,411681,项城市,河南省,周口市,42,1,14,27,0,0.02381,0.0,0.0,0.0,1.0,0.0,0.0,0.333333,0.642857,0.7619,175.0,0
411721,西平县,411721,西平县,河南省,驻马店市,82,6,30,46,2,0.04878,0.012195,0.0,0.0,0.666667,0.166667,0.0,0.365854,0.560976,0.7561,99.0,0
411722,上蔡县,411722,上蔡县,河南省,驻马店市,54,3,20,31,0,0.055556,0.0,0.0,0.0,1.0,0.0,0.0,0.37037,0.574074,0.7407,48.0,0
411723,平舆县,411723,平舆县,河南省,驻马店市,79,2,33,44,0,0.025316,0.0,0.0,0.0,1.0,0.0,0.0,0.417722,0.556962,0.8101,71.0,0
411724,正阳县,411724,正阳县,河南省,驻马店市,59,6,20,33,3,0.050847,0.0,0.0,0.0,0.5,0.0,0.0,0.338983,0.559322,0.7119,106.0,0
411725,确山县,411725,确山县,河南省,驻马店市,53,3,16,34,1,0.037736,0.0,0.0,0.0,0.666667,0.0,0.0,0.301887,0.641509,0.7925,45.0,0
411726,泌阳县,411726,泌阳县,河南省,驻马店市,39,4,18,17,2,0.051282,0.0,0.0,0.0,0.5,0.0,0.0,0.461538,0.435897,0.641,65.0,0
411727,汝南县,411727,汝南县,河南省,驻马店市,67,10,26,31,2,0.119403,0.0,0.0,0.0,0.8,0.0,0.0,0.38806,0.462687,0.6716,105.0,0
411728,遂平县,411728,遂平县,河南省,驻马店市,59,4,18,37,2,0.033898,0.0,0.0,0.0,0.5,0.0,0.0,0.305085,0.627119,0.7966,55.0,0
411729,新蔡县,411729,新蔡县,河南省,驻马店市,73,5,37,31,2,0.041096,0.0,0.0,0.0,0.6,0.0,0.0,0.506849,0.424658,0.6575,140.0,0
419001,济源市,419001,济源市,河南省,省直辖县级行政区划,54,5,8,41,1,0.074074,0.0,0.0,0.0,0.8,0.0,0.0,0.148148,0.759259,0.7963,64.0,0
