county_code,county_name,county_code_2020census,name_2020census,province,prefecture,n_ads,n_edu_stated,n_edu_unlimited,n_edu_unspecified,n_edu_other,share_req_dz_of_all,share_req_bk_of_all,share_req_ss_of_all,share_req_bs_of_all,share_req_dz_of_stated,share_req_bk_of_stated,share_req_ss_of_stated,share_unlimited,share_unspecified,avg_min_salary,avg_max_salary,avg_mid_salary,headcount_missing_rate,n_headcount_reported_sum,thin_sample_flag
410122,中牟县,410122,中牟县,河南省,郑州市,16,0,7,9,0,0.0,0.0,0.0,0.0,,,,0.4375,0.5625,6781.25,9531.25,8156.25,0.5625,12.0,0
410181,巩义市,410181,巩义市,河南省,郑州市,2,0,1,1,0,0.0,0.0,0.0,0.0,,,,0.5,0.5,6000.0,8250.0,7125.0,0.5,8.0,1
410182,荥阳市,410182,荥阳市,河南省,郑州市,8,0,5,3,0,0.0,0.0,0.0,0.0,,,,0.625,0.375,5625.0,8250.0,6937.5,0.375,5.0,1
410183,新密市,410183,新密市,河南省,郑州市,1,0,1,0,0,0.0,0.0,0.0,0.0,,,,1.0,0.0,8000.0,10000.0,9000.0,0.0,1.0,1
410184,新郑市,410184,新郑市,河南省,郑州市,12,0,4,8,0,0.0,0.0,0.0,0.0,,,,0.333333,0.666667,6625.0,9708.33,8166.67,0.75,7.0,0
410185,登封市,410185,登封市,河南省,郑州市,3,0,0,3,0,0.0,0.0,0.0,0.0,,,,0.0,1.0,,,,1.0,0.0,1
410221,杞县,410221,杞县,河南省,开封市,60,0,21,39,0,0.0,0.0,0.0,0.0,,,,0.35,0.65,4289.66,6401.72,5345.69,0.7667,73.0,0
410222,通许县,410222,通许县,河南省,开封市,34,2,20,12,2,0.0,0.0,0.0,0.0,0.0,0.0,0.0,0.588235,0.352941,3969.7,6103.03,5036.36,0.7059,23.0,0
410223,尉氏县,410223,尉氏县,河南省,开封市,54,6,26,22,1,0.092593,0.037037,0.0,0.0,0.833333,0.333333,0.0,0.481481,0.407407,3898.15,7181.48,5539.81,0.6111,89.0,0
410225,兰考县,410225,兰考县,河南省,开封市,30,2,15,13,2,0.0,0.0,0.0,0.0,0.0,0.0,0.0,0.5,0.433333,4033.33,5833.33,4933.33,0.7,35.0,0
410307,偃师区,410307,偃师区,河南省,洛阳市,85,6,31,48,2,0.047059,0.0,0.0,0.0,0.666667,0.0,0.0,0.364706,0.564706,3940.24,6298.78,5119.51,0.7765,133.0,0
410308,孟津区,410308,孟津区,河南省,洛阳市,30,2,12,16,0,0.066667,0.033333,0.0,0.0,1.0,0.5,0.0,0.4,0.533333,4962.96,7666.67,6314.81,0.7333,70.0,0
410323,新安县,410323,新安县,河南省,洛阳市,47,0,22,25,0,0.0,0.0,0.0,0.0,,,,0.468085,0.531915,3576.09,6173.91,4875.0,0.7234,85.0,0
410324,栾川县,410324,栾川县,河南省,洛阳市,0,0,0,0,0,0.0,0.0,0.0,0.0,,,,0.0,0.0,,,,,0.0,1
410325,嵩县,410325,嵩县,河南省,洛阳市,1,0,0,1,0,0.0,0.0,0.0,0.0,,,,0.0,1.0,12000.0,15000.0,13500.0,1.0,0.0,1
410326,汝阳县,410326,汝阳县,河南省,洛阳市,51,5,16,30,2,0.058824,0.019608,0.0,0.0,0.6,0.2,0.0,0.313725,0.588235,3878.72,6017.02,4947.87,0.7451,32.0,0
410327,宜阳县,410327,宜阳县,河南省,洛阳市,32,1,17,14,0,0.03125,0.0,0.0,0.0,1.0,0.0,0.0,0.53125,0.4375,3193.55,5806.45,4500.0,0.75,59.0,0
410328,洛宁县,410328,洛宁县,河南省,洛阳市,1,0,0,1,0,0.0,0.0,0.0,0.0,,,,0.0,1.0,3000.0,7000.0,5000.0,1.0,0.0,1
410329,伊川县,410329,伊川县,河南省,洛阳市,47,4,30,13,2,0.042553,0.021277,0.0,0.0,0.5,0.25,0.0,0.638298,0.276596,3606.82,6329.55,4968.18,0.4043,200.0,0
410421,宝丰县,410421,宝丰县,河南省,平顶山市,72,3,16,53,1,0.027778,0.013889,0.0,0.0,0.666667,0.333333,0.0,0.222222,0.736111,5161.11,7811.11,6486.11,0.8194,89.0,0
410422,叶县,410422,叶县,河南省,平顶山市,9,0,4,5,0,0.0,0.0,0.0,0.0,,,,0.444444,0.555556,5000.0,6622.22,5811.11,0.6667,19.0,1
410423,鲁山县,410423,鲁山县,河南省,平顶山市,11,0,5,6,0,0.0,0.0,0.0,0.0,,,,0.454545,0.545455,3754.55,5863.64,4809.09,0.5455,44.0,0
410425,郏县,410425,郏县,河南省,平顶山市,9,0,7,2,0,0.0,0.0,0.0,0.0,,,,0.777778,0.222222,4055.56,7166.67,5611.11,0.5556,31.0,1
410481,舞钢市,410481,舞钢市,河南省,平顶山市,30,4,6,20,2,0.066667,0.033333,0.0,0.0,0.5,0.25,0.0,0.2,0.666667,4085.71,6142.86,5114.29,0.8667,9.0,0
410482,汝州市,410482,汝州市,河南省,平顶山市,76,3,31,42,1,0.026316,0.0,0.0,0.0,0.666667,0.0,0.0,0.407895,0.552632,3724.0,6130.67,4927.33,0.75,66.0,0
410522,安阳县,410522,安阳县,河南省,安阳市,91,3,18,70,3,0.0,0.0,0.0,0.0,0.0,0.0,0.0,0.197802,0.769231,4600.0,6807.69,5703.85,0.8462,225.0,0
410523,汤阴县,410523,汤阴县,河南省,安阳市,5,1,2,2,1,0.0,0.0,0.0,0.0,0.0,0.0,0.0,0.4,0.4,4900.0,6580.0,5740.0,0.4,121.0,1
410526,滑县,410526,滑县,河南省,安阳市,36,3,11,22,1,0.055556,0.055556,0.0,0.0,0.666667,0.666667,0.0,0.305556,0.611111,4545.71,7114.29,5830.0,0.75,20.0,0
410527,内黄县,410527,内黄县,河南省,安阳市,2,0,1,1,0,0.0,0.0,0.0,0.0,,,,0.5,0.5,3500.0,5750.0,4625.0,1.0,0.0,1
410581,林州市,410581,林州市,河南省,安阳市,30,2,4,24,1,0.033333,0.0,0.0,0.0,0.5,0.0,0.0,0.133333,0.8,4253.33,6450.0,5351.67,0.9,15.0,0
410621,浚县,410621,浚县,河南省,鹤壁市,1,0,1,0,0,0.0,0.0,0.0,0.0,,,,1.0,0.0,2400.0,8000.0,5200.0,0.0,10.0,1
410622,淇县,410622,淇县,河南省,鹤壁市,1,0,0,1,0,0.0,0.0,0.0,0.0,,,,0.0,1.0,6500.0,7000.0,6750.0,1.0,0.0,1
410721,新乡县,410721,新乡县,河南省,新乡市,93,6,24,63,0,0.064516,0.0,0.0,0.0,1.0,0.0,0.0,0.258065,0.677419,4809.09,7435.34,6122.22,0.8925,132.0,0
410724,获嘉县,410724,获嘉县,河南省,新乡市,46,5,13,28,1,0.086957,0.065217,0.0,0.0,0.8,0.6,0.0,0.282609,0.608696,3536.96,5721.74,4629.35,0.8043,77.0,0
410725,原阳县,410725,原阳县,河南省,新乡市,39,3,11,25,0,0.076923,0.0,0.0,0.0,1.0,0.0,0.0,0.282051,0.641026,3702.56,6400.0,5051.28,0.8462,29.0,0
410726,延津县,410726,延津县,河南省,新乡市,35,3,11,21,1,0.057143,0.0,0.0,0.0,0.666667,0.0,0.0,0.314286,0.6,3658.82,5635.29,4647.06,0.8286,19.0,0
410727,封丘县,410727,封丘县,河南省,新乡市,34,2,11,21,0,0.058824,0.0,0.0,0.0,1.0,0.0,0.0,0.323529,0.617647,3209.09,5275.76,4242.42,0.8529,9.0,0
410781,卫辉市,410781,卫辉市,河南省,新乡市,64,3,21,40,0,0.046875,0.015625,0.0,0.0,1.0,0.333333,0.0,0.328125,0.625,3922.58,6006.45,4964.52,0.7969,71.0,0
410782,辉县市,410782,辉县市,河南省,新乡市,80,8,20,52,2,0.075,0.0,0.0,0.0,0.75,0.0,0.0,0.25,0.65,3824.24,6327.27,5075.76,0.825,107.0,0
410783,长垣市,410783,长垣市,河南省,新乡市,57,10,9,38,5,0.087719,0.0,0.0,0.0,0.5,0.0,0.0,0.157895,0.666667,4761.54,7392.31,6076.92,0.8421,40.0,0
410821,修武县,410821,修武县,河南省,焦作市,61,4,19,38,0,0.065574,0.016393,0.0,0.0,1.0,0.25,0.0,0.311475,0.622951,3968.33,6655.0,5311.67,0.8033,86.0,0
410822,博爱县,410822,博爱县,河南省,焦作市,61,3,16,42,0,0.04918,0.016393,0.0,0.0,1.0,0.333333,0.0,0.262295,0.688525,3926.67,6138.33,5032.5,0.8361,57.0,0
410823,武陟县,410823,武陟县,河南省,焦作市,59,4,16,39,2,0.033898,0.016949,0.0,0.0,0.5,0.25,0.0,0.271186,0.661017,4294.83,6427.59,5361.21,0.7797,297.0,0
410825,温县,410825,温县,河南省,焦作市,30,3,12,15,1,0.066667,0.066667,0.0,0.0,0.666667,0.666667,0.0,0.4,0.5,4531.03,6806.9,5668.97,0.6667,48.0,0
410882,沁阳市,410882,沁阳市,河南省,焦作市,29,3,6,20,0,0.103448,0.0,0.0,0.0,1.0,0.0,0.0,0.206897,0.689655,5193.1,6886.21,6039.66,0.8966,10.0,0
410883,孟州市,410883,孟州市,河南省,焦作市,30,0,8,22,0,0.0,0.0,0.0,0.0,,,,0.266667,0.733333,5120.0,6526.67,5823.33,0.8333,46.0,0
410922,清丰县,410922,清丰县,河南省,濮阳市,59,5,22,32,3,0.033898,0.0,0.0,0.0,0.4,0.0,0.0,0.372881,0.542373,3807.02,5982.46,4894.74,0.7797,94.0,0
410923,南乐县,410923,南乐县,河南省,濮阳市,60,6,21,33,3,0.05,0.016667,0.0,0.0,0.5,0.166667,0.0,0.35,0.55,4045.0,6283.33,5164.17,0.7667,53.0,0
410926,范县,410926,范县,河南省,濮阳市,34,1,17,16,0,0.029412,0.0,0.0,0.0,1.0,0.0,0.0,0.5,0.470588,4111.76,7073.53,5592.65,0.8235,33.0,0
410927,台前县,410927,台前县,河南省,濮阳市,30,2,7,21,1,0.033333,0.0,0.0,0.0,0.5,0.0,0.0,0.233333,0.7,4327.59,6568.97,5448.28,0.8667,15.0,0
410928,濮阳县,410928,濮阳县,河南省,濮阳市,85,5,14,66,4,0.011765,0.0,0.0,0.0,0.2,0.0,0.0,0.164706,0.776471,4673.17,6987.8,5830.49,0.8706,27.0,0
411024,鄢陵县,411024,鄢陵县,河南省,许昌市,24,1,8,15,1,0.0,0.0,0.0,0.0,0.0,0.0,0.0,0.333333,0.625,3191.67,5354.17,4272.92,0.75,240.0,0
411025,襄城县,411025,襄城县,河南省,许昌市,100,6,44,50,2,0.04,0.0,0.0,0.0,0.666667,0.0,0.0,0.44,0.5,4359.6,6805.05,5582.32,0.65,250.0,0
411081,禹州市,411081,禹州市,河南省,许昌市,78,1,16,61,0,0.012821,0.0,0.0,0.0,1.0,0.0,0.0,0.205128,0.782051,5301.61,7274.19,6287.9,0.8077,79.0,0
411082,长葛市,411082,长葛市,河南省,许昌市,15,0,1,14,0,0.0,0.0,0.0,0.0,,,,0.066667,0.933333,5000.0,8000.0,6500.0,0.9333,5.0,0
411121,舞阳县,411121,舞阳县,河南省,漯河市,30,2,9,19,1,0.033333,0.0,0.0,0.0,0.5,0.0,0.0,0.3,0.633333,4153.33,5656.67,4905.0,0.7333,25.0,0
411122,临颍县,411122,临颍县,河南省,漯河市,59,4,18,37,2,0.033898,0.0,0.0,0.0,0.5,0.0,0.0,0.305085,0.627119,4501.69,6432.2,5466.95,0.7458,104.0,0
411221,渑池县,411221,渑池县,河南省,三门峡市,17,0,0,17,0,0.0,0.0,0.0,0.0,,,,0.0,1.0,,,,1.0,0.0,0
411224,卢氏县,411224,卢氏县,河南省,三门峡市,36,0,8,28,0,0.0,0.0,0.0,0.0,,,,0.222222,0.777778,4996.86,6471.14,5734.0,0.9444,21.0,0
411281,义马市,411281,义马市,河南省,三门峡市,49,0,7,42,0,0.0,0.0,0.0,0.0,,,,0.142857,0.857143,4799.7,6287.58,5543.64,0.9796,17.0,0
411282,灵宝市,411282,灵宝市,河南省,三门峡市,46,6,10,30,2,0.086957,0.0,0.0,0.0,0.666667,0.0,0.0,0.217391,0.652174,3583.33,5286.67,4435.0,0.913,8.0,0
411321,南召县,411321,南召县,河南省,南阳市,63,3,28,32,2,0.015873,0.0,0.0,0.0,0.333333,0.0,0.0,0.444444,0.507937,4004.92,6762.3,5383.61,0.8095,127.0,0
411322,方城县,411322,方城县,河南省,南阳市,59,2,20,37,2,0.0,0.0,0.0,0.0,0.0,0.0,0.0,0.338983,0.627119,3937.78,5955.56,4946.67,0.8814,34.0,0
411323,西峡县,411323,西峡县,河南省,南阳市,40,2,17,21,1,0.025,0.0,0.0,0.0,0.5,0.0,0.0,0.425,0.525,3573.68,5368.42,4471.05,0.85,25.0,0
411324,镇平县,411324,镇平县,河南省,南阳市,45,2,16,27,2,0.0,0.0,0.0,0.0,0.0,0.0,0.0,0.355556,0.6,3705.26,6131.58,4918.42,0.8889,13.0,0
411325,内乡县,411325,内乡县,河南省,南阳市,62,4,29,29,4,0.0,0.0,0.0,0.0,0.0,0.0,0.0,0.467742,0.467742,3730.0,6291.67,5010.83,0.8226,59.0,0
411326,淅川县,411326,淅川县,河南省,南阳市,63,2,20,41,1,0.015873,0.015873,0.0,0.0,0.5,0.5,0.0,0.31746,0.650794,3405.0,5833.33,4619.17,0.8571,42.0,0
411327,社旗县,411327,社旗县,河南省,南阳市,79,6,28,45,5,0.012658,0.0,0.0,0.0,0.166667,0.0,0.0,0.35443,0.56962,4034.21,6413.16,5223.68,0.7722,96.0,0
411328,唐河县,411328,唐河县,河南省,南阳市,82,3,28,51,3,0.0,0.0,0.0,0.0,0.0,0.0,0.0,0.341463,0.621951,3672.31,5547.69,4610.0,0.8171,74.0,0
411329,新野县,411329,新野县,河南省,南阳市,18,0,0,18,0,0.0,0.0,0.0,0.0,,,,0.0,1.0,7038.89,10183.33,8611.11,1.0,0.0,0
411330,桐柏县,411330,桐柏县,河南省,南阳市,34,2,15,17,2,0.0,0.0,0.0,0.0,0.0,0.0,0.0,0.441176,0.5,3473.53,5617.65,4545.59,0.8529,12.0,0
411381,邓州市,411381,邓州市,河南省,南阳市,45,4,6,35,2,0.044444,0.044444,0.0,0.0,0.5,0.5,0.0,0.133333,0.777778,4755.17,7262.07,6008.62,0.8222,27.0,0
411421,民权县,411421,民权县,河南省,商丘市,70,1,34,35,1,0.0,0.0,0.0,0.0,0.0,0.0,0.0,0.485714,0.5,3613.43,5426.87,4520.15,0.8571,20.0,0
411422,睢县,411422,睢县,河南省,商丘市,30,2,12,16,1,0.033333,0.0,0.0,0.0,0.5,0.0,0.0,0.4,0.533333,4733.33,6763.33,5748.33,0.7333,41.0,0
411423,宁陵县,411423,宁陵县,河南省,商丘市,64,3,37,24,0,0.046875,0.0,0.0,0.0,1.0,0.0,0.0,0.578125,0.375,4416.13,6369.35,5392.74,0.6562,76.0,0
411424,柘城县,411424,柘城县,河南省,商丘市,72,2,29,41,1,0.013889,0.0,0.0,0.0,0.5,0.0,0.0,0.402778,0.569444,3841.38,6039.66,4940.52,0.8333,41.0,0
411425,虞城县,411425,虞城县,河南省,商丘市,74,1,29,44,1,0.0,0.0,0.0,0.0,0.0,0.0,0.0,0.391892,0.594595,3810.17,5937.29,4873.73,0.8514,148.0,0
411426,夏邑县,411426,夏邑县,河南省,商丘市,65,2,28,35,2,0.0,0.0,0.0,0.0,0.0,0.0,0.0,0.430769,0.538462,3631.67,5471.67,4551.67,0.8308,18.0,0
411481,永城市,411481,永城市,河南省,商丘市,41,1,7,33,0,0.02439,0.0,0.0,0.0,1.0,0.0,0.0,0.170732,0.804878,3817.86,6489.29,5153.57,0.9024,11.0,0
411521,罗山县,411521,罗山县,河南省,信阳市,64,5,24,35,1,0.0625,0.015625,0.0,0.0,0.8,0.2,0.0,0.375,0.546875,4101.75,6570.18,5335.96,0.7344,94.0,0
411522,光山县,411522,光山县,河南省,信阳市,60,8,24,28,5,0.05,0.0,0.0,0.0,0.375,0.0,0.0,0.4,0.466667,3677.59,6181.03,4929.31,0.7,54.0,0
411523,新县,411523,新县,河南省,信阳市,69,8,45,16,5,0.043478,0.0,0.0,0.0,0.375,0.0,0.0,0.652174,0.231884,4065.67,6873.13,5469.4,0.3333,82.0,0
411524,商城县,411524,商城县,河南省,信阳市,7,0,2,5,0,0.0,0.0,0.0,0.0,,,,0.285714,0.714286,3750.0,5125.0,4437.5,0.8571,4.0,1
411525,固始县,411525,固始县,河南省,信阳市,44,0,10,34,0,0.0,0.0,0.0,0.0,,,,0.227273,0.772727,5423.33,8146.67,6785.0,0.7955,47.0,0
411526,潢川县,411526,潢川县,河南省,信阳市,57,7,26,24,3,0.070175,0.017544,0.0,0.0,0.571429,0.142857,0.0,0.45614,0.421053,3657.14,6348.21,5002.68,0.7368,32.0,0
411527,淮滨县,411527,淮滨县,河南省,信阳市,46,3,11,32,1,0.043478,0.043478,0.0,0.0,0.666667,0.666667,0.0,0.23913,0.695652,3646.67,5366.67,4506.67,0.8478,23.0,0
411528,息县,411528,息县,河南省,信阳市,65,5,20,40,1,0.061538,0.015385,0.0,0.0,0.8,0.2,0.0,0.307692,0.615385,4337.93,7894.83,6116.38,0.7846,35.0,0
411621,扶沟县,411621,扶沟县,河南省,周口市,66,8,23,35,3,0.075758,0.0,0.0,0.0,0.625,0.0,0.0,0.348485,0.530303,3798.28,5720.69,4759.48,0.697,152.0,0
411622,西华县,411622,西华县,河南省,周口市,51,6,20,25,2,0.078431,0.0,0.0,0.0,0.666667,0.0,0.0,0.392157,0.490196,4183.67,5985.71,5084.69,0.6078,50.0,0
411623,商水县,411623,商水县,河南省,周口市,46,5,14,27,1,0.086957,0.043478,0.0,0.0,0.8,0.4,0.0,0.304348,0.586957,4984.09,7777.27,6380.68,0.8261,30.0,0
411624,沈丘县,411624,沈丘县,河南省,周口市,47,0,14,33,0,0.0,0.0,0.0,0.0,,,,0.297872,0.702128,3727.59,6655.17,5191.38,0.7234,40.0,0
411625,郸城县,411625,郸城县,河南省,周口市,80,13,30,37,7,0.075,0.0,0.0,0.0,0.461538,0.0,0.0,0.375,0.4625,4154.55,6707.79,5431.17,0.6625,87.0,0
411627,太康县,411627,太康县,河南省,周口市,28,1,11,16,1,0.0,0.0,0.0,0.0,0.0,0.0,0.0,0.392857,0.571429,4140.0,6000.0,5070.0,0.8214,34.0,0
411628,鹿邑县,411628,鹿邑县,河南省,周口市,30,5,14,11,4,0.033333,0.0,0.0,0.0,0.2,0.0,0.0,0.466667,0.366667,3400.0,5465.52,4432.76,0.5,49.0,0
411681,项城市,411681,项城市,河南省,周口市,42,1,14,27,0,0.02381,0.0,0.0,0.0,1.0,0.0,0.0,0.333333,0.642857,4574.19,7093.55,5833.87,0.7619,175.0,0
411721,西平县,411721,西平县,河南省,驻马店市,82,6,30,46,2,0.04878,0.012195,0.0,0.0,0.666667,0.166667,0.0,0.365854,0.560976,3811.94,6102.99,4957.46,0.7561,99.0,0
411722,上蔡县,411722,上蔡县,河南省,驻马店市,54,3,20,31,0,0.055556,0.0,0.0,0.0,1.0,0.0,0.0,0.37037,0.574074,3335.0,5185.0,4260.0,0.7407,48.0,0
411723,平舆县,411723,平舆县,河南省,驻马店市,79,2,33,44,0,0.025316,0.0,0.0,0.0,1.0,0.0,0.0,0.417722,0.556962,3675.38,5752.31,4713.85,0.8101,71.0,0
411724,正阳县,411724,正阳县,河南省,驻马店市,59,6,20,33,3,0.050847,0.0,0.0,0.0,0.5,0.0,0.0,0.338983,0.559322,3938.98,5777.97,4858.47,0.7119,106.0,0
411725,确山县,411725,确山县,河南省,驻马店市,53,3,16,34,1,0.037736,0.0,0.0,0.0,0.666667,0.0,0.0,0.301887,0.641509,3408.33,5233.33,4320.83,0.7925,45.0,0
411726,泌阳县,411726,泌阳县,河南省,驻马店市,39,4,18,17,2,0.051282,0.0,0.0,0.0,0.5,0.0,0.0,0.461538,0.435897,3510.81,5267.57,4389.19,0.641,65.0,0
411727,汝南县,411727,汝南县,河南省,驻马店市,67,10,26,31,2,0.119403,0.0,0.0,0.0,0.8,0.0,0.0,0.38806,0.462687,3945.45,6862.12,5403.79,0.6716,105.0,0
411728,遂平县,411728,遂平县,河南省,驻马店市,59,4,18,37,2,0.033898,0.0,0.0,0.0,0.5,0.0,0.0,0.305085,0.627119,4515.52,6220.69,5368.1,0.7966,55.0,0
411729,新蔡县,411729,新蔡县,河南省,驻马店市,73,5,37,31,2,0.041096,0.0,0.0,0.0,0.6,0.0,0.0,0.506849,0.424658,3850.0,5547.22,4698.61,0.6575,140.0,0
419001,济源市,419001,济源市,河南省,省直辖县级行政区划,54,5,8,41,1,0.074074,0.0,0.0,0.0,0.8,0.0,0.0,0.148148,0.759259,5043.4,7490.57,6266.98,0.7963,64.0,0
