county_code,county_name,county_code_2020census,name_2020census,province,prefecture,n_ads,n_edu_stated,n_edu_unlimited,n_edu_unspecified,n_edu_other,share_req_dz_of_all,share_req_bk_of_all,share_req_ss_of_all,share_req_bs_of_all,share_req_dz_of_stated,share_req_bk_of_stated,share_req_ss_of_stated,share_unlimited,share_unspecified,headcount_missing_rate,n_headcount_reported_sum
350121,闽侯县,350121,闽侯县,福建,福州市,1617,1351,266,0,0,0.7489177489177489,0.3630179344465059,0.01855287569573284,0.0,0.8963730569948186,0.43449296817172467,0.02220577350111029,0.1645021645021645,0.0,0.10265924551638837,7079.0
350122,连江县,350122,连江县,福建,福州市,135,111,24,0,0,0.6518518518518519,0.18518518518518517,0.014814814814814815,0.0,0.7927927927927928,0.22522522522522523,0.018018018018018018,0.17777777777777778,0.0,0.1111111111111111,266.0
350123,罗源县,350123,罗源县,福建,福州市,44,35,9,0,0,0.6136363636363636,0.11363636363636363,0.0,0.0,0.7714285714285715,0.14285714285714285,0.0,0.20454545454545456,0.0,0.06818181818181818,197.0
350124,闽清县,350124,闽清县,福建,福州市,31,27,4,0,0,0.4838709677419355,0.12903225806451613,0.0,0.0,0.5555555555555556,0.14814814814814814,0.0,0.12903225806451613,0.0,0.1935483870967742,35.0
350125,永泰县,350125,永泰县,福建,福州市,20,16,4,0,0,0.7,0.15,0.0,0.0,0.875,0.1875,0.0,0.2,0.0,0.25,105.0
350128,平潭县,350128,平潭县,福建,福州市,63,49,14,0,0,0.7142857142857143,0.23809523809523808,0.0,0.0,0.9183673469387755,0.30612244897959184,0.0,0.2222222222222222,0.0,0.19047619047619047,1332.0
350181,福清市,350181,福清市,福建,福州市,413,338,75,0,0,0.6319612590799032,0.20581113801452786,0.002421307506053269,0.0,0.772189349112426,0.2514792899408284,0.0029585798816568047,0.18159806295399517,0.0,0.14769975786924938,1216.0
350322,仙游县,350322,仙游县,福建,莆田市,187,149,38,0,0,0.6577540106951871,0.25133689839572193,0.016042780748663103,0.0,0.825503355704698,0.31543624161073824,0.020134228187919462,0.20320855614973263,0.0,0.06951871657754011,1565.0
350405,沙县区,350427,沙县,福建,三明市,24,18,6,0,0,0.4583333333333333,0.20833333333333334,0.0,0.0,0.6111111111111112,0.2777777777777778,0.0,0.25,0.0,0.125,79.0
350421,明溪县,350421,明溪县,福建,三明市,54,45,9,0,0,0.7407407407407407,0.25925925925925924,0.018518518518518517,0.0,0.8888888888888888,0.3111111111111111,0.022222222222222223,0.16666666666666666,0.0,0.0,289.0
350423,清流县,350423,清流县,福建,三明市,15,11,4,0,0,0.7333333333333333,0.26666666666666666,0.0,0.0,1.0,0.36363636363636365,0.0,0.26666666666666666,0.0,0.0,1039.0
350424,宁化县,350424,宁化县,福建,三明市,41,35,6,0,0,0.5121951219512195,0.2682926829268293,0.0,0.0,0.6,0.3142857142857143,0.0,0.14634146341463414,0.0,0.0,147.0
350425,大田县,350425,大田县,福建,三明市,65,53,12,0,0,0.6,0.23076923076923078,0.0,0.0,0.7358490566037735,0.2830188679245283,0.0,0.18461538461538463,0.0,0.0,521.0
350426,尤溪县,350426,尤溪县,福建,三明市,37,33,4,0,0,0.7567567567567568,0.08108108108108109,0.02702702702702703,0.0,0.8484848484848485,0.09090909090909091,0.030303030303030304,0.10810810810810811,0.0,0.0,235.0
350428,将乐县,350428,将乐县,福建,三明市,22,22,0,0,0,0.8181818181818182,0.09090909090909091,0.0,0.0,0.8181818181818182,0.09090909090909091,0.0,0.0,0.0,0.0,44.0
350429,泰宁县,350429,泰宁县,福建,三明市,29,22,7,0,0,0.5862068965517241,0.3448275862068966,0.0,0.0,0.7727272727272727,0.45454545454545453,0.0,0.2413793103448276,0.0,0.06896551724137931,289.0
350430,建宁县,350430,建宁县,福建,三明市,22,20,2,0,0,0.8181818181818182,0.2727272727272727,0.045454545454545456,0.045454545454545456,0.9,0.3,0.05,0.09090909090909091,0.0,0.0,64.0
350481,永安市,350481,永安市,福建,三明市,48,41,7,0,0,0.7291666666666666,0.2916666666666667,0.0,0.0,0.8536585365853658,0.34146341463414637,0.0,0.14583333333333334,0.0,0.041666666666666664,300.0
350521,惠安县,350521,惠安县,福建,泉州市,252,208,44,0,0,0.6666666666666666,0.23809523809523808,0.003968253968253968,0.0,0.8076923076923077,0.28846153846153844,0.004807692307692308,0.1746031746031746,0.0,0.07142857142857142,934.0
350524,安溪县,350524,安溪县,福建,泉州市,115,78,37,0,0,0.48695652173913045,0.08695652173913043,0.0,0.0,0.717948717948718,0.1282051282051282,0.0,0.3217391304347826,0.0,0.06086956521739131,419.0
350525,永春县,350525,永春县,福建,泉州市,41,34,7,0,0,0.6829268292682927,0.1951219512195122,0.0,0.0,0.8235294117647058,0.23529411764705882,0.0,0.17073170731707318,0.0,0.07317073170731707,182.0
350526,德化县,350526,德化县,福建,泉州市,31,26,5,0,0,0.5483870967741935,0.12903225806451613,0.0,0.0,0.6538461538461539,0.15384615384615385,0.0,0.16129032258064516,0.0,0.0967741935483871,103.0
350527,金门县,350527,金门县,福建,泉州市,2,2,0,0,0,1.0,0.0,0.0,0.0,1.0,0.0,0.0,0.0,0.0,0.0,3.0
350581,石狮市,350581,石狮市,福建,泉州市,283,188,95,0,0,0.5017667844522968,0.1166077738515901,0.0,0.0,0.7553191489361702,0.17553191489361702,0.0,0.33568904593639576,0.0,0.07773851590106007,2914.0
350582,晋江市,350582,晋江市,福建,泉州市,807,591,215,0,1,0.5687732342007435,0.14993804213135067,0.0024783147459727386,0.0,0.7766497461928934,0.20473773265651438,0.00338409475465313,0.2664188351920694,0.0,0.07558859975216853,6257.0
350583,南安市,350583,南安市,福建,泉州市,385,320,65,0,0,0.6883116883116883,0.2623376623376623,0.025974025974025976,0.007792207792207792,0.828125,0.315625,0.03125,0.16883116883116883,0.0,0.06753246753246753,2640.0
350622,云霄县,350622,云霄县,福建,漳州市,120,102,18,0,0,0.6833333333333333,0.175,0.008333333333333333,0.0,0.803921568627451,0.20588235294117646,0.00980392156862745,0.15,0.0,0.08333333333333333,379.0
350623,漳浦县,350623,漳浦县,福建,漳州市,86,73,13,0,0,0.6162790697674418,0.22093023255813954,0.011627906976744186,0.0,0.726027397260274,0.2602739726027397,0.0136986301369863,0.1511627906976744,0.0,0.06976744186046512,207.0
350624,诏安县,350624,诏安县,福建,漳州市,38,33,5,0,0,0.7105263157894737,0.13157894736842105,0.02631578947368421,0.0,0.8181818181818182,0.15151515151515152,0.030303030303030304,0.13157894736842105,0.0,0.10526315789473684,268.0
350626,东山县,350626,东山县,福建,漳州市,92,75,17,0,0,0.6195652173913043,0.20652173913043478,0.010869565217391304,0.0,0.76,0.25333333333333335,0.013333333333333334,0.18478260869565216,0.0,0.03260869565217391,503.0
350627,南靖县,350627,南靖县,福建,漳州市,93,73,20,0,0,0.6666666666666666,0.1827956989247312,0.0,0.0,0.8493150684931506,0.2328767123287671,0.0,0.21505376344086022,0.0,0.03225806451612903,552.0
350628,平和县,350628,平和县,福建,漳州市,77,59,18,0,0,0.5974025974025974,0.24675324675324675,0.0,0.0,0.7796610169491526,0.3220338983050847,0.0,0.23376623376623376,0.0,0.07792207792207792,507.0
350629,华安县,350629,华安县,福建,漳州市,45,30,15,0,0,0.4444444444444444,0.06666666666666667,0.0,0.0,0.6666666666666666,0.1,0.0,0.3333333333333333,0.0,0.1111111111111111,223.0
350721,顺昌县,350721,顺昌县,福建,南平市,8,5,3,0,0,0.5,0.5,0.0,0.0,0.8,0.8,0.0,0.375,0.0,0.0,23.0
350722,浦城县,350722,浦城县,福建,南平市,71,58,13,0,0,0.6619718309859155,0.2535211267605634,0.0,0.0,0.8103448275862069,0.3103448275862069,0.0,0.18309859154929578,0.0,0.11267605633802817,330.0
350723,光泽县,350723,光泽县,福建,南平市,42,32,10,0,0,0.6666666666666666,0.16666666666666666,0.0,0.0,0.875,0.21875,0.0,0.23809523809523808,0.0,0.047619047619047616,139.0
350724,松溪县,350724,松溪县,福建,南平市,32,28,4,0,0,0.65625,0.375,0.0,0.0,0.75,0.42857142857142855,0.0,0.125,0.0,0.125,115.0
350725,政和县,350725,政和县,福建,南平市,53,41,12,0,0,0.6981132075471698,0.24528301886792453,0.0,0.0,0.9024390243902439,0.3170731707317073,0.0,0.22641509433962265,0.0,0.05660377358490566,248.0
350781,邵武市,350781,邵武市,福建,南平市,62,60,2,0,0,0.8387096774193549,0.3870967741935484,0.016129032258064516,0.0,0.8666666666666667,0.4,0.016666666666666666,0.03225806451612903,0.0,0.04838709677419355,277.0
350782,武夷山市,350782,武夷山市,福建,南平市,65,52,13,0,0,0.5384615384615384,0.15384615384615385,0.03076923076923077,0.0,0.6730769230769231,0.19230769230769232,0.038461538461538464,0.2,0.0,0.06153846153846154,245.0
350783,建瓯市,350783,建瓯市,福建,南平市,28,22,6,0,0,0.5714285714285714,0.21428571428571427,0.0,0.0,0.7272727272727273,0.2727272727272727,0.0,0.21428571428571427,0.0,0.03571428571428571,57.0
350821,长汀县,350821,长汀县,福建,龙岩市,91,68,23,0,0,0.6373626373626373,0.32967032967032966,0.01098901098901099,0.0,0.8529411764705882,0.4411764705882353,0.014705882352941176,0.25274725274725274,0.0,0.10989010989010989,547.0
350823,上杭县,350823,上杭县,福建,龙岩市,58,50,8,0,0,0.7758620689655172,0.43103448275862066,0.017241379310344827,0.0,0.9,0.5,0.02,0.13793103448275862,0.0,0.034482758620689655,95.0
350824,武平县,350824,武平县,福建,龙岩市,79,68,11,0,0,0.7341772151898734,0.27848101265822783,0.0,0.0,0.8529411764705882,0.3235294117647059,0.0,0.13924050632911392,0.0,0.10126582278481013,471.0
350825,连城县,350825,连城县,福建,龙岩市,59,47,12,0,0,0.6949152542372882,0.3050847457627119,0.0,0.0,0.8723404255319149,0.3829787234042553,0.0,0.2033898305084746,0.0,0.05084745762711865,225.0
350881,漳平市,350881,漳平市,福建,龙岩市,44,40,4,0,0,0.6590909090909091,0.13636363636363635,0.0,0.0,0.725,0.15,0.0,0.09090909090909091,0.0,0.0,157.0
350921,霞浦县,350921,霞浦县,福建,宁德市,103,80,23,0,0,0.6213592233009708,0.22330097087378642,0.009708737864077669,0.0,0.8,0.2875,0.0125,0.22330097087378642,0.0,0.04854368932038835,301.0
350922,古田县,350922,古田县,福建,宁德市,56,48,8,0,0,0.7142857142857143,0.08928571428571429,0.0,0.0,0.8333333333333334,0.10416666666666667,0.0,0.14285714285714285,0.0,0.017857142857142856,148.0
350923,屏南县,350923,屏南县,福建,宁德市,83,75,8,0,0,0.6987951807228916,0.3373493975903614,0.03614457831325301,0.0,0.7733333333333333,0.37333333333333335,0.04,0.0963855421686747,0.0,0.13253012048192772,481.0
350924,寿宁县,350924,寿宁县,福建,宁德市,81,68,13,0,0,0.691358024691358,0.2962962962962963,0.024691358024691357,0.0,0.8235294117647058,0.35294117647058826,0.029411764705882353,0.16049382716049382,0.0,0.07407407407407407,397.0
350925,周宁县,350925,周宁县,福建,宁德市,47,40,7,0,0,0.7021276595744681,0.2127659574468085,0.0,0.0,0.825,0.25,0.0,0.14893617021276595,0.0,0.0851063829787234,333.0
350926,柘荣县,350926,柘荣县,福建,宁德市,80,67,13,0,0,0.725,0.2875,0.025,0.0,0.8656716417910447,0.34328358208955223,0.029850746268656716,0.1625,0.0,0.075,259.0
350981,福安市,350981,福安市,福建,宁德市,148,128,20,0,0,0.6824324324324325,0.1891891891891892,0.0,0.0,0.7890625,0.21875,0.0,0.13513513513513514,0.0,0.06756756756756757,445.0
350982,福鼎市,350982,福鼎市,福建,宁德市,226,199,27,0,0,0.6858407079646017,0.19469026548672566,0.008849557522123894,0.0,0.7788944723618091,0.22110552763819097,0.010050251256281407,0.11946902654867257,0.0,0.0752212389380531,1083.0
360121,南昌县,360121,南昌县,江西,南昌市,1140,828,311,0,1,0.612280701754386,0.22105263157894736,0.018421052631578946,0.0008771929824561404,0.8429951690821256,0.30434782608695654,0.025362318840579712,0.27280701754385966,0.0,0.0956140350877193,17914.0
360123,安义县,360123,安义县,江西,南昌市,317,245,72,0,0,0.6624605678233438,0.20504731861198738,0.00946372239747634,0.0,0.8571428571428571,0.2653061224489796,0.012244897959183673,0.22712933753943218,0.0,0.028391167192429023,1097.0
360124,进贤县,360124,进贤县,江西,南昌市,183,142,41,0,0,0.6666666666666666,0.16939890710382513,0.00546448087431694,0.0,0.8591549295774648,0.21830985915492956,0.007042253521126761,0.22404371584699453,0.0,0.04371584699453552,704.0
360222,浮梁县,360222,浮梁县,江西,景德镇市,140,110,30,0,0,0.6,0.12857142857142856,0.0,0.0,0.7636363636363637,0.16363636363636364,0.0,0.21428571428571427,0.0,0.02857142857142857,1731.0
360281,乐平市,360281,乐平市,江西,景德镇市,178,135,43,0,0,0.5786516853932584,0.19662921348314608,0.0,0.0,0.762962962962963,0.25925925925925924,0.0,0.24157303370786518,0.0,0.10112359550561797,5509.0
360321,莲花县,360321,莲花县,江西,萍乡市,97,65,32,0,0,0.5257731958762887,0.10309278350515463,0.0,0.0,0.7846153846153846,0.15384615384615385,0.0,0.32989690721649484,0.0,0.07216494845360824,1756.0
360322,上栗县,360322,上栗县,江西,萍乡市,78,53,25,0,0,0.5,0.0641025641025641,0.0,0.0,0.7358490566037735,0.09433962264150944,0.0,0.32051282051282054,0.0,0.038461538461538464,1670.0
360323,芦溪县,360323,芦溪县,江西,萍乡市,43,33,10,0,0,0.6744186046511628,0.37209302325581395,0.023255813953488372,0.0,0.8787878787878788,0.48484848484848486,0.030303030303030304,0.23255813953488372,0.0,0.023255813953488372,593.0
360423,武宁县,360423,武宁县,江西,九江市,46,41,5,0,0,0.6739130434782609,0.2391304347826087,0.0,0.0,0.7560975609756098,0.2682926829268293,0.0,0.10869565217391304,0.0,0.0,100.0
360424,修水县,360424,修水县,江西,九江市,62,53,9,0,0,0.7741935483870968,0.22580645161290322,0.016129032258064516,0.0,0.9056603773584906,0.2641509433962264,0.018867924528301886,0.14516129032258066,0.0,0.04838709677419355,149.0
360425,永修县,360425,永修县,江西,九江市,117,100,17,0,0,0.6837606837606838,0.28205128205128205,0.0,0.0,0.8,0.33,0.0,0.1452991452991453,0.0,0.06837606837606838,602.0
360426,德安县,360426,德安县,江西,九江市,73,57,16,0,0,0.6438356164383562,0.2054794520547945,0.0,0.0,0.8245614035087719,0.2631578947368421,0.0,0.2191780821917808,0.0,0.0684931506849315,204.0
360428,都昌县,360428,都昌县,江西,九江市,108,87,21,0,0,0.6666666666666666,0.25,0.0,0.0,0.8275862068965517,0.3103448275862069,0.0,0.19444444444444445,0.0,0.12037037037037036,572.0
360429,湖口县,360429,湖口县,江西,九江市,79,69,10,0,0,0.6582278481012658,0.24050632911392406,0.0,0.0,0.7536231884057971,0.2753623188405797,0.0,0.12658227848101267,0.0,0.05063291139240506,194.0
360430,彭泽县,360430,彭泽县,江西,九江市,49,45,4,0,0,0.8775510204081632,0.46938775510204084,0.0,0.0,0.9555555555555556,0.5111111111111111,0.0,0.08163265306122448,0.0,0.08163265306122448,297.0
360481,瑞昌市,360481,瑞昌市,江西,九江市,115,84,31,0,0,0.4608695652173913,0.11304347826086956,0.0,0.0,0.6309523809523809,0.15476190476190477,0.0,0.26956521739130435,0.0,0.02608695652173913,1279.0
360482,共青城市,360482,共青城市,江西,九江市,125,110,15,0,0,0.768,0.352,0.024,0.0,0.8727272727272727,0.4,0.02727272727272727,0.12,0.0,0.064,547.0
360483,庐山市,360483,庐山市,江西,九江市,61,46,15,0,0,0.6557377049180327,0.2786885245901639,0.0,0.0,0.8695652173913043,0.3695652173913043,0.0,0.2459016393442623,0.0,0.06557377049180328,217.0
360521,分宜县,360521,分宜县,江西,新余市,76,55,21,0,0,0.5526315789473685,0.15789473684210525,0.0,0.0,0.7636363636363637,0.21818181818181817,0.0,0.27631578947368424,0.0,0.07894736842105263,2386.0
360681,贵溪市,360681,贵溪市,江西,鹰潭市,143,109,34,0,0,0.5804195804195804,0.11888111888111888,0.0,0.0,0.7614678899082569,0.1559633027522936,0.0,0.23776223776223776,0.0,0.06293706293706294,546.0
360722,信丰县,360722,信丰县,江西,赣州市,120,101,19,0,0,0.7333333333333333,0.3416666666666667,0.025,0.0,0.8712871287128713,0.40594059405940597,0.0297029702970297,0.15833333333333333,0.0,0.09166666666666666,533.0
360723,大余县,360723,大余县,江西,赣州市,45,33,12,0,0,0.6444444444444445,0.15555555555555556,0.0,0.0,0.8787878787878788,0.21212121212121213,0.0,0.26666666666666666,0.0,0.044444444444444446,515.0
360724,上犹县,360724,上犹县,江西,赣州市,38,26,12,0,0,0.6052631578947368,0.23684210526315788,0.02631578947368421,0.0,0.8846153846153846,0.34615384615384615,0.038461538461538464,0.3157894736842105,0.0,0.05263157894736842,1111.0
360725,崇义县,360725,崇义县,江西,赣州市,40,33,7,0,0,0.75,0.375,0.0,0.0,0.9090909090909091,0.45454545454545453,0.0,0.175,0.0,0.125,225.0
360726,安远县,360726,安远县,江西,赣州市,53,35,18,0,0,0.5849056603773585,0.2641509433962264,0.0,0.0,0.8857142857142857,0.4,0.0,0.33962264150943394,0.0,0.03773584905660377,1844.0
360728,定南县,360728,定南县,江西,赣州市,40,30,10,0,0,0.625,0.325,0.025,0.0,0.8333333333333334,0.43333333333333335,0.03333333333333333,0.25,0.0,0.05,161.0
360729,全南县,360729,全南县,江西,赣州市,39,34,5,0,0,0.7435897435897436,0.3333333333333333,0.0,0.0,0.8529411764705882,0.38235294117647056,0.0,0.1282051282051282,0.0,0.07692307692307693,882.0
360730,宁都县,360730,宁都县,江西,赣州市,47,33,14,0,0,0.5531914893617021,0.2127659574468085,0.0,0.0,0.7878787878787878,0.30303030303030304,0.0,0.2978723404255319,0.0,0.0,860.0
360731,于都县,360731,于都县,江西,赣州市,81,63,18,0,0,0.6049382716049383,0.14814814814814814,0.0,0.0,0.7777777777777778,0.19047619047619047,0.0,0.2222222222222222,0.0,0.07407407407407407,383.0
360732,兴国县,360732,兴国县,江西,赣州市,52,46,6,0,0,0.7692307692307693,0.19230769230769232,0.0,0.0,0.8695652173913043,0.21739130434782608,0.0,0.11538461538461539,0.0,0.07692307692307693,218.0
360733,会昌县,360733,会昌县,江西,赣州市,40,31,9,0,0,0.6,0.125,0.0,0.0,0.7741935483870968,0.16129032258064516,0.0,0.225,0.0,0.05,318.0
360734,寻乌县,360734,寻乌县,江西,赣州市,39,34,5,0,0,0.8205128205128205,0.28205128205128205,0.0,0.0,0.9411764705882353,0.3235294117647059,0.0,0.1282051282051282,0.0,0.02564102564102564,157.0
360735,石城县,360735,石城县,江西,赣州市,40,27,13,0,0,0.55,0.125,0.0,0.0,0.8148148148148148,0.18518518518518517,0.0,0.325,0.0,0.075,494.0
360781,瑞金市,360781,瑞金市,江西,赣州市,77,58,19,0,0,0.6623376623376623,0.23376623376623376,0.0,0.0,0.8793103448275862,0.3103448275862069,0.0,0.24675324675324675,0.0,0.03896103896103896,1716.0
360783,龙南市,360727,龙南县,江西,赣州市,88,75,13,0,0,0.7159090909090909,0.29545454545454547,0.011363636363636364,0.0,0.84,0.3466666666666667,0.013333333333333334,0.14772727272727273,0.0,0.07954545454545454,1035.0
360821,吉安县,360821,吉安县,江西,吉安市,423,298,125,0,0,0.5602836879432624,0.13711583924349882,0.0070921985815602835,0.0,0.7953020134228188,0.19463087248322147,0.010067114093959731,0.29550827423167847,0.0,0.0851063829787234,7807.0
360822,吉水县,360822,吉水县,江西,吉安市,40,26,14,0,0,0.5,0.1,0.0,0.0,0.7692307692307693,0.15384615384615385,0.0,0.35,0.0,0.075,652.0
360823,峡江县,360823,峡江县,江西,吉安市,21,15,6,0,0,0.5714285714285714,0.23809523809523808,0.0,0.0,0.8,0.3333333333333333,0.0,0.2857142857142857,0.0,0.14285714285714285,201.0
360824,新干县,360824,新干县,江西,吉安市,34,18,16,0,0,0.38235294117647056,0.058823529411764705,0.0,0.0,0.7222222222222222,0.1111111111111111,0.0,0.47058823529411764,0.0,0.08823529411764706,1261.0
360825,永丰县,360825,永丰县,江西,吉安市,26,20,6,0,0,0.6153846153846154,0.038461538461538464,0.0,0.0,0.8,0.05,0.0,0.23076923076923078,0.0,0.07692307692307693,82.0
360826,泰和县,360826,泰和县,江西,吉安市,102,74,28,0,0,0.6176470588235294,0.1568627450980392,0.0,0.0,0.8513513513513513,0.21621621621621623,0.0,0.27450980392156865,0.0,0.10784313725490197,976.0
360827,遂川县,360827,遂川县,江西,吉安市,53,41,12,0,0,0.6037735849056604,0.16981132075471697,0.0,0.0,0.7804878048780488,0.21951219512195122,0.0,0.22641509433962265,0.0,0.11320754716981132,1140.0
360828,万安县,360828,万安县,江西,吉安市,50,38,12,0,0,0.64,0.14,0.0,0.0,0.8421052631578947,0.18421052631578946,0.0,0.24,0.0,0.08,827.0
360829,安福县,360829,安福县,江西,吉安市,29,19,10,0,0,0.5172413793103449,0.13793103448275862,0.0,0.0,0.7894736842105263,0.21052631578947367,0.0,0.3448275862068966,0.0,0.034482758620689655,364.0
360830,永新县,360830,永新县,江西,吉安市,21,16,5,0,0,0.6190476190476191,0.09523809523809523,0.0,0.0,0.8125,0.125,0.0,0.23809523809523808,0.0,0.047619047619047616,338.0
360881,井冈山市,360881,井冈山市,江西,吉安市,29,23,6,0,0,0.6896551724137931,0.13793103448275862,0.0,0.0,0.8695652173913043,0.17391304347826086,0.0,0.20689655172413793,0.0,0.13793103448275862,471.0
360921,奉新县,360921,奉新县,江西,宜春市,92,84,8,0,0,0.75,0.21739130434782608,0.010869565217391304,0.0,0.8214285714285714,0.23809523809523808,0.011904761904761904,0.08695652173913043,0.0,0.043478260869565216,296.0
360922,万载县,360922,万载县,江西,宜春市,51,44,7,0,0,0.6666666666666666,0.29411764705882354,0.0,0.0,0.7727272727272727,0.3409090909090909,0.0,0.13725490196078433,0.0,0.0392156862745098,212.0
360923,上高县,360923,上高县,江西,宜春市,41,34,7,0,0,0.6341463414634146,0.1951219512195122,0.0,0.0,0.7647058823529411,0.23529411764705882,0.0,0.17073170731707318,0.0,0.0975609756097561,1183.0
360924,宜丰县,360924,宜丰县,江西,宜春市,51,39,12,0,0,0.7254901960784313,0.21568627450980393,0.0,0.0,0.9487179487179487,0.28205128205128205,0.0,0.23529411764705882,0.0,0.058823529411764705,225.0
360925,靖安县,360925,靖安县,江西,宜春市,42,31,11,0,0,0.5952380952380952,0.21428571428571427,0.023809523809523808,0.0,0.8064516129032258,0.2903225806451613,0.03225806451612903,0.2619047619047619,0.0,0.0,807.0
360926,铜鼓县,360926,铜鼓县,江西,宜春市,6,5,1,0,0,0.6666666666666666,0.3333333333333333,0.0,0.0,0.8,0.4,0.0,0.16666666666666666,0.0,0.16666666666666666,24.0
360981,丰城市,360981,丰城市,江西,宜春市,171,141,30,0,0,0.6900584795321637,0.1871345029239766,0.011695906432748537,0.0,0.8368794326241135,0.22695035460992907,0.014184397163120567,0.17543859649122806,0.0,0.07602339181286549,1013.0
360982,樟树市,360982,樟树市,江西,宜春市,201,164,37,0,0,0.6467661691542289,0.22885572139303484,0.0,0.0,0.7926829268292683,0.2804878048780488,0.0,0.18407960199004975,0.0,0.04975124378109453,1992.0
360983,高安市,360983,高安市,江西,宜春市,100,84,16,0,0,0.7,0.17,0.0,0.0,0.8333333333333334,0.20238095238095238,0.0,0.16,0.0,0.07,1534.0
361021,南城县,361021,南城县,江西,抚州市,60,50,10,0,0,0.6333333333333333,0.26666666666666666,0.0,0.0,0.76,0.32,0.0,0.16666666666666666,0.0,0.08333333333333333,777.0
361022,黎川县,361022,黎川县,江西,抚州市,16,15,1,0,0,0.6875,0.25,0.0,0.0,0.7333333333333333,0.26666666666666666,0.0,0.0625,0.0,0.0,17.0
361023,南丰县,361023,南丰县,江西,抚州市,42,32,10,0,0,0.40476190476190477,0.14285714285714285,0.0,0.0,0.53125,0.1875,0.0,0.23809523809523808,0.0,0.07142857142857142,200.0
361024,崇仁县,361024,崇仁县,江西,抚州市,56,42,14,0,0,0.5,0.125,0.017857142857142856,0.0,0.6666666666666666,0.16666666666666666,0.023809523809523808,0.25,0.0,0.05357142857142857,513.0
361025,乐安县,361025,乐安县,江西,抚州市,29,23,6,0,0,0.5862068965517241,0.13793103448275862,0.0,0.0,0.7391304347826086,0.17391304347826086,0.0,0.20689655172413793,0.0,0.034482758620689655,477.0
361026,宜黄县,361026,宜黄县,江西,抚州市,24,18,6,0,0,0.625,0.20833333333333334,0.0,0.0,0.8333333333333334,0.2777777777777778,0.0,0.25,0.0,0.08333333333333333,151.0
361027,金溪县,361027,金溪县,江西,抚州市,114,89,25,0,0,0.6403508771929824,0.18421052631578946,0.0,0.0,0.8202247191011236,0.23595505617977527,0.0,0.21929824561403508,0.0,0.08771929824561403,921.0
361028,资溪县,361028,资溪县,江西,抚州市,17,14,3,0,0,0.7058823529411765,0.11764705882352941,0.058823529411764705,0.058823529411764705,0.8571428571428571,0.14285714285714285,0.07142857142857142,0.17647058823529413,0.0,0.23529411764705882,62.0
361030,广昌县,361030,广昌县,江西,抚州市,25,20,5,0,0,0.68,0.2,0.0,0.0,0.85,0.25,0.0,0.2,0.0,0.12,53.0
361123,玉山县,361123,玉山县,江西,上饶市,82,62,20,0,0,0.6463414634146342,0.14634146341463414,0.0,0.0,0.8548387096774194,0.1935483870967742,0.0,0.24390243902439024,0.0,0.08536585365853659,182.0
361124,铅山县,361124,铅山县,江西,上饶市,89,76,13,0,0,0.6853932584269663,0.1797752808988764,0.0,0.0,0.8026315789473685,0.21052631578947367,0.0,0.14606741573033707,0.0,0.011235955056179775,398.0
361125,横峰县,361125,横峰县,江西,上饶市,20,15,5,0,0,0.6,0.15,0.0,0.0,0.8,0.2,0.0,0.25,0.0,0.1,33.0
361126,弋阳县,361126,弋阳县,江西,上饶市,42,29,13,0,0,0.5714285714285714,0.14285714285714285,0.0,0.0,0.8275862068965517,0.20689655172413793,0.0,0.30952380952380953,0.0,0.07142857142857142,190.0
361127,余干县,361127,余干县,江西,上饶市,72,55,17,0,0,0.5694444444444444,0.18055555555555555,0.013888888888888888,0.0,0.7454545454545455,0.23636363636363636,0.01818181818181818,0.2361111111111111,0.0,0.06944444444444445,215.0
361128,鄱阳县,361128,鄱阳县,江西,上饶市,222,184,38,0,0,0.6216216216216216,0.18468468468468469,0.0045045045045045045,0.0,0.75,0.22282608695652173,0.005434782608695652,0.17117117117117117,0.0,0.06306306306306306,925.0
361129,万年县,361129,万年县,江西,上饶市,48,40,8,0,0,0.625,0.25,0.0,0.0,0.75,0.3,0.0,0.16666666666666666,0.0,0.08333333333333333,283.0
361130,婺源县,361130,婺源县,江西,上饶市,50,43,7,0,0,0.64,0.16,0.02,0.0,0.7441860465116279,0.18604651162790697,0.023255813953488372,0.14,0.0,0.06,413.0
361181,德兴市,361181,德兴市,江西,上饶市,58,47,11,0,0,0.603448275862069,0.1896551724137931,0.017241379310344827,0.0,0.7446808510638298,0.23404255319148937,0.02127659574468085,0.1896551724137931,0.0,0.08620689655172414,269.0
