ad_id,source_file,crawl_period,crawl_batch_date,source_platform,企业名称,招聘岗位,工作城市,工作区域,最低月薪,最高月薪,职位描述,学历要求,要求经验,招聘人数,招聘类别,初级分类,公司地点,工作地点,region_raw,county_code,county_name,province_code,prefecture,name_2020census,county_code_2020census,province,edu_canon,edu_unspecified,edu_unlimited,edu_other,req_dz,req_bk,req_ss,req_bs,edu_min_level,edu_stated,headcount,headcount_missing,salary_min,salary_max,salary_mean,exclude_reason
802,九江.xlsx,2026-05,2026-06-03,马克数据网,共青城市大泽泰房地产开发有限公司,水电工,九江,都昌县,50000.0,70000.0,工地现场水电管理及临电临水的安装。,中专/中技,3-5年,1.0,全职,,共青城市南湖大道,共青城市南湖大道,都昌县,360428,都昌县,36,九江市,都昌县,360428,江西,vocational_secondary,0,0,0,0,0,0,0,2.0,1,1.0,0,50000.0,70000.0,60000.0,重复广告(企业+岗位+区域+薪资+描述)
1914,南昌+景德镇+新余.xlsx,2026-05,2026-06-03,马克数据网,泰达长林管道科技（江西）股份有限公司,市场部部长助理,新余,分宜县,4000.0,6000.0,岗位职责： 1、协助市场部长制定部门工作计划，并监督该项目内容的执行。 2、协助制作标书文件、及各类信息的收集、录入、统计、分析工作，按进度做好日报、月报、年报报部门领导。 3、负责本部门文件收发工作及部门资料的档案管理工作。 4、完成上级领导交办的其他工作。 任职要求： 1、本科及以上学历，35岁以下市场营销等专业，工作踏实认真，有一定抗压能力与承受能力。 2、熟练使用WORD .EXCEL等办公软件。 3、有机械加工、管道工程项目工作经历者优先。 4、能适应短期出差。 5、有责任、有担当、组织管理能力与良好沟通协调能力。 6、能明确企业工作意义，有正确的人生观、价值观，积极向上，性格开朗，能吃苦耐劳，团结关心同事。,本科,3-5年,1,全职,,江西省新余市高新开发区,江西省新余市高新开发区,分宜县,360521,分宜县,36,新余市,分宜县,360521,江西,bachelor,0,0,0,1,1,0,0,4.0,1,1.0,0,4000.0,6000.0,5000.0,重复广告(企业+岗位+区域+薪资+描述)
6526,漳州+南平+龙岩+宁德.xlsx,2026-05,2026-06-02,未标注,福建省荣德胜建设发展有限公司,市场经理（业务经理）,南平,浦城县,10000.0,15000.0,1、全面负责制定公司中、长期市场战略规划、市场信息战略规划、广告宣传工作及年度实施计划，并负责监督、控制实施。 2、市场管理和客户管理工作。 3、具有市场经理（业务经理）工作经验3年以上，市场营销、工程相关专业，大专以上学历,大专,3-5年,1,全职,,,,浦城县,350722,浦城县,35,南平市,浦城县,350722,福建,college,0,0,0,1,0,0,0,3.0,1,1.0,0,10000.0,15000.0,12500.0,重复广告(企业+岗位+区域+薪资+描述)
7262,漳州+南平+龙岩+宁德.xlsx,2026-05,2026-06-02,未标注,福建洋明建筑工程有限公司,商务经理,漳州,漳浦县,13000.0,16000.0,"一、掌握并熟悉各项定额、取费标准的组成和计算方法，其中包括国家和本地区、本行业的规定；  二、在工程投标阶段熟悉有关基础材料及施工图纸收集各工程项目的造价资料,了解施工工艺和方法、精通本专业理论知识及时、准确编制经济标，配合完成投标工作；  三、负责编制施工图预、结算及工料分析，掌握准确的市场价格和预算价格，及时调整预、结算；  四、参加图纸会审，提出问题，对施工中发现与造价冲突的问题及时反馈到项目部及相关人员；  五、对劳务承包方根据实际进度申请材料计划用量表进行审核;  六、根据总进度计划、季（节点）进度计划、月进度计划编制材料用量计划表；  七、按甲方要求上报形象进度；根据合同及实际进度编制内部月产值；根据内部合同、材料实际价格编制内部实际月成本；  八、审核分包、劳务、机械的工程进度预算,建好单位工程预、结算及进度报表台帐，填报有关报表；  九、做好人、材、机的每月汇总台帐，协助财务进行成本核算；  十、根据项目部提供的工程量签证单和设计变更，完善正式签证的拟定、跟踪，并负责存档；  十一、参与劳务及承包合同的拟定、公司流程的审批，合同台帐的建立；  十二、完成领导交办的其他工作",大专,10年以上,,全职,,,,漳浦县,350623,漳浦县,35,漳州市,漳浦县,350623,福建,college,0,0,0,1,0,0,0,3.0,1,,1,13000.0,16000.0,14500.0,重复广告(企业+岗位+区域+薪资+描述)
7904,福州+三名下辖各县（含县级市）.xlsx,2026-05,2026-06-02,马克数据网,福建万达集团有限公司,新品工程师/技术员,福州,福清市,7000.0,10000.0,公司专业从事SMT行业十几年，发展前景广阔。岗位要求：1、从事SMT设备工程师，三年以上相关工作经验；2、身体健康、工作认真、责任心强，有上进心；福利待遇：工作、生活环境良好，薪资根据工作经验和技能具体面议。,大专,3-5年,2,全职,,洪宽一路洪宽创新科技园一期,洪宽一路洪宽创新科技园一期,福清市,350181,福清市,35,福州市,福清市,350181,福建,college,0,0,0,1,0,0,0,3.0,1,2.0,0,7000.0,10000.0,8500.0,重复广告(企业+岗位+区域+薪资+描述)
9339,福州+三名下辖各县（含县级市）.xlsx,2026-05,2026-06-02,马克数据网,福建省轻工机械设备有限公司天津分公司,电气工程师,福州,闽侯县,6000.0,10000.0,岗位职责1. 负责完成工程项目电气设计任务，包括编制电气接线原理图，工艺控制流程图和BOM表等；2.完成在公司内部所负责项目的PLC软件的编程和调试工作；3.根据安排，完成组内其他电气工程师设计图纸等的校对、工艺或标准化等的相互审核工作；4.负责现场设备电气调试，分析处理所遇到的问题；5.负责工程项目输出资料的编制、更改、整理更新、归档；6.完成公司交办的其它任务。,大专,1-3年,,全职,,福建省福州市闽侯县铁岭工业区3号北路3号,福建省福州市闽侯县铁岭工业区3号北路3号,闽侯县,350121,闽侯县,35,福州市,闽侯县,350121,福建,college,0,0,0,1,0,0,0,3.0,1,,1,6000.0,10000.0,8000.0,重复广告(企业+岗位+区域+薪资+描述)
9602,福州+三名下辖各县（含县级市）.xlsx,2026-05,2026-06-02,马克数据网,福建众地景观工程有限公司,绿化工程师,福州,闽侯县,10000.0,20000.0,1、负责项目绿化种植实施；  2、安排绿化班组进场及前期选苗；  3、负责与甲方、监理等各方的协调事宜；  4、负责项目施工组织、人、材、机的安排，组织现场施工交底等各项管理工作；  任职要求     1、中专以上学历       2、2年绿化施工以上经验,学历不限,3-5年,8,全职,,上街镇海西园A栋606,上街镇海西园A栋606,闽侯县,350121,闽侯县,35,福州市,闽侯县,350121,福建,unlimited,0,1,0,0,0,0,0,,0,8.0,0,10000.0,20000.0,15000.0,重复广告(企业+岗位+区域+薪资+描述)
9892,福州+三名下辖各县（含县级市）.xlsx,2026-05,2026-06-02,马克数据网,江西中辉达环境卫生有限公司,检修,福州,平潭县,6000.0,9000.0,职位描述1、负责设备点检、维护、保养工作；2、负责检查保养记录和结果；3、负责工具及备品备件的管理工作；4、负责备品备件的维修、更换、购买等数据报表的整理、统计工作；5、完成或协调领导安排的临时工作。岗位要求：1、具备机械设备维保、检修等知识和了解PLC常识；2、一定的团队管理能力，沟通力、执行力强；3、持钳工证或焊工证；4、有焊接基础，可进行一般结构件焊接、管道焊接；,高中,3-5年,,全职,,兴港南路,兴港南路,平潭县,350128,平潭县,35,福州市,平潭县,350128,福建,high_school,0,0,0,0,0,0,0,2.0,1,,1,6000.0,9000.0,7500.0,重复广告(企业+岗位+区域+薪资+描述)
11327,莆田（1县，几乎都是市区）+厦门（0县，没有下辖县，全是市区）+福州.xlsx,2026-05,2026-06-02,马克数据网,泉州赤道线电子商务有限公司,售前客服,泉州,晋江市,3001.0,5000.0,"1、负责解答客户咨询及对客户进行回复跟进； 2、负责为客户提供完整准确的方案及信息，解决客户问题； 3、记录客户咨询、反馈的内容，按照相应流程给予客户反馈； 4、聚负责水潭店铺订单审核与各平台下单，确保订单发货时间； 5、聚水潭库存与店铺库存核对，查看库存准确性； 6、及时跟进店铺订单，处理异常订单； 7、每日店铺缺货汇总； 8、负责直播订单无编码通知，旺旺留言/短信/电话通知通知顾客提供编码 9、负责发现店铺页面、链接、价格等方面问题进行沟通处理 10、主管交代的其他工作事项 任职要求： 1、具备优秀的电脑打字速率 2、具备良好的微软Office软件操作能力 3、具备基本的客服服务能力，优秀的沟通表达力 4、具备电商基础知识，了解电商购物下单流程，了解淘宝聊天工具 5、具备半年以上客服/运营助理工作经验,综合素质优秀者，可适当放低要求 福利待遇： 1、入职每满一年底薪+100工龄工资 2、年终奖（十三薪） 3、生日关怀及福利 4、节假日礼盒 5、入职满一年享受带薪年休假",大专,不限,4,客服主管<房地产_建筑,,,和平中路阳光时代广场G座,晋江市,350582,晋江市,35,泉州市,晋江市,350582,福建,college,0,0,0,1,0,0,0,3.0,1,4.0,0,3001.0,5000.0,4000.5,重复广告(企业+岗位+区域+薪资+描述)
11853,莆田（1县，几乎都是市区）+厦门（0县，没有下辖县，全是市区）+福州.xlsx,2026-05,2026-06-02,马克数据网,南安金座置业有限公司,区域市场经理,泉州,南安市,10000.0,15000.0,3年以上购物中心同等或相关岗位工作经验，了解购物中心推广营销，对策划、媒体推广以及专业设计有较强的把控能力。,本科,3-5年,1,全职,,南安大道8,南安大道8,南安市,350583,南安市,35,泉州市,南安市,350583,福建,bachelor,0,0,0,1,1,0,0,4.0,1,1.0,0,10000.0,15000.0,12500.0,重复广告(企业+岗位+区域+薪资+描述)
11954,莆田（1县，几乎都是市区）+厦门（0县，没有下辖县，全是市区）+福州.xlsx,2026-05,2026-06-02,马克数据网,中国大地财产保险股份有限公司,国企白领/续保专员/五险/无需外出/带薪年假/团建,泉州,石狮市,5000.0,8000.0,"职位要求:  一、高中及以上学历  二、年龄：18到35周岁  二、经验不限、男女不限、户籍不限，  三、普通话标准、流畅、有上进心  四、不要求相关经验，公司有最专业的培训（90%新进员工都没有经验）  工作内容：  1 公司提供客户名单，通过电话、网络等方式向有车一族销售汽车保险等金融产品，无需东奔西跑，日晒雨淋，标准的空调白领工作。  2 汽车保险国家法律强制规定必须购买，销售难度相对较小（一张保单最低上千最高十万以上不等）。要接受现场主管的管理与辅导持续的提升专业知识和销售技巧。  3、为人踏实肯干、寻求稳定长期发展者优先考虑。  福利待遇：  1、底薪：新人综合底薪2500-4700,另加500元新人转正奖励（当月业绩达成即可转正），转正后按照今后的发展级别，综合底薪可达6000。  2、业绩提成：主要的工资部分，一张保单最低上千最高十万以上，提成点（按照市场和自己的业绩规模）  3.提供住宿、午餐、五险一金、年终奖等",高中,不限,10,全职,,灵秀镇八七路灵狮A39栋东起第16-17号,灵秀镇八七路灵狮A39栋东起第16-17号,石狮市,350581,石狮市,35,泉州市,石狮市,350581,福建,high_school,0,0,0,0,0,0,0,2.0,1,10.0,0,5000.0,8000.0,6500.0,重复广告(企业+岗位+区域+薪资+描述)
12389,莆田（1县，几乎都是市区）+厦门（0县，没有下辖县，全是市区）+福州.xlsx,2026-05,2026-06-02,马克数据网,广州骏能化工有限公司,电焊工,泉州,永春县,6000.0,7000.0,能吃苦耐劳，有责任心，必须要有电工证，有电工证及焊工证双证优选。,学历不限,1-3年,1,全职,,桃城镇德风社区通州大道榜德工业区,桃城镇德风社区通州大道榜德工业区,永春县,350525,永春县,35,泉州市,永春县,350525,福建,unlimited,0,1,0,0,0,0,0,,0,1.0,0,6000.0,7000.0,6500.0,重复广告(企业+岗位+区域+薪资+描述)
12482,贵溪+鹰潭.xlsx,2026-05,2026-06-03,马克数据网,中国信息通信研究院,项目管理经理,鹰潭,贵溪市,8000.0,10000.0,岗位职责:1、负责对接政府部门相关项目申报、评审跟进、闭环落地；2、负责项目实施、组织协调各部门搜集信息与需求分析，完成项目结题；3、负责项目的外联工作；4、负责项目实施过程管控和验收。 任职资格:1、优秀人才年龄可放宽。2、具备二年及以上相关专业工作经验。3、品德良好，无违法违纪记录。4、认同公司文化，身心健康。,本科,不限,1,全职,,鹰潭市,鹰潭市,贵溪市,360681,贵溪市,36,鹰潭市,贵溪市,360681,江西,bachelor,0,0,0,1,1,0,0,4.0,1,1.0,0,8000.0,10000.0,9000.0,重复广告(企业+岗位+区域+薪资+描述)
12491,贵溪+鹰潭.xlsx,2026-05,2026-06-03,马克数据网,江西中誉检测有限公司,报告编写员,鹰潭,贵溪市,2000.0,4000.0,1.环境工程、环境科学相关专业本科及以上学历（有1年以上的环评相关工作经验） 2.能独立完成环境影响报告书或有环评经验者优先； 3.能吃苦耐劳，勤奋好学、有良好的沟通表达能力；,大专,不限,,全职,,鹰雄大道鹰潭与贵溪交汇处,鹰雄大道鹰潭与贵溪交汇处,贵溪市,360681,贵溪市,36,鹰潭市,贵溪市,360681,江西,college,0,0,0,1,0,0,0,3.0,1,,1,2000.0,4000.0,3000.0,重复广告(企业+岗位+区域+薪资+描述)
12627,贵溪+鹰潭.xlsx,2026-05,2026-06-03,马克数据网,萍乡市函坤人力资源有限公司,设备维修工程师,萍乡,莲花县,4500.0,7000.0,职责：1、负责企业设施设备、仪器的安装、调试、维护、维修等工作，对设备操作人员进行技术指导，确保各项设备的完好及正常运转。 2、制订设备维保计划，参与实施设备维修工作，加强对设备使用情况的巡查，收集汇总相关记录，完善设备现场管理。 3、完成部门领导交办的其他工作。任职要求：1、中专及以上学历，有口罩厂设备维修经验者优先。；2、有设备维修基础，懂电力基本常识，有低压维修电工证； 3、工作认真负责，有较强的责任心。福利：入职即缴纳五险一金、餐补、单休、夏季高温补贴、全勤奖、过节福利等。,高中,1-3年,,全职,,安源区安源电子信息产业园,安源区安源电子信息产业园,莲花县,360321,莲花县,36,萍乡市,莲花县,360321,江西,high_school,0,0,0,0,0,0,0,2.0,1,,1,4500.0,7000.0,5750.0,重复广告(企业+岗位+区域+薪资+描述)
136,上饶.xlsx,2026-05,2026-06-03,马克数据网,中国大地财产保险股份有限公司,营业部经理,上饶,鄱阳县,10000.0,17000.0,职责：1、 制定门店销售计划、市场推广计划，完成门店销售目标及其他各项KPI指标；2、 管理门店日常运营，包括销售客服等工作；3、 负责门店风险管理，严格控制客户质量，管理坏账及逾期风险；4、 制定门店逾期管理计划，并分配落实、参与具体实施；5、 负责门店前线人员招聘计划落实和面试审核、团队建设、绩效管理、技能培训；6、 合规制度宣导执行，销售人员品质管理；7、 协调门店与分部、门店与其他门店以及门店内部关系。  微信公众号马克数据网,大专,不限,,全职,,三清山大道海旭公寓,三清山大道海旭公寓,鄱阳县,361128,鄱阳县,36,上饶市,鄱阳县,361128,江西,college,0,0,0,1,0,0,0,3.0,1,,1,10000.0,17000.0,13500.0,准重复广告(企业+岗位+区域+薪资相同，描述微差)
1913,南昌+景德镇+新余.xlsx,2026-05,2026-06-03,马克数据网,上海苏南信息科技有限公司,汽车金融销售主管,新余,分宜县,6000.0,10000.0,【岗位要求】 1、年龄要求：22-36岁；2、学历要求：大专及以上学历；3、1年以上相关工作经验；4、具备汽车金融、银行/主机厂金融、4s店销售、金融工作经验优先；5、具备较强的风险识别能力、沟通表达能力、协调能力及应变能力。 【薪资待遇】1、综合薪酬=底薪＋绩效+业务提成;2、生日福利+重大节日福利3、入职即缴纳五险一金；3、畅通的晋升渠道:S1-S5客户经理——储备高级经理—高级经理。 （我司服务于平安国际融资租赁有限公司，平台大，欢迎踊跃投递简历，期待您的加入）  来源：百度搜索马克数据网,大专,1-3年,1,全职,,新余,新余,分宜县,360521,分宜县,36,新余市,分宜县,360521,江西,college,0,0,0,1,0,0,0,3.0,1,1.0,0,6000.0,10000.0,8000.0,准重复广告(企业+岗位+区域+薪资相同，描述微差)
4195,吉安.xlsx,2026-05,2026-06-03,马克数据网,江苏菲沃泰纳米科技股份有限公司深圳分公司,点胶技术员,吉安,泰和县,8001.0,10000.0,一、岗位职责：1、负责点胶、去胶工序、制程、工艺能力的提升及良率改善； 2、负责点胶、去胶设备的日常维护，以及生产制程异常分析、提供解决方案并跟踪改善效果； 3、负责生产工艺流程的规划和改进，确保产线工艺正常运行； 4、负责新机台、新工艺、新材料评估测试，适用于镀膜遮蔽、防护等新技术、新工艺和新材料的开发。 二、任职资格: 1、 大专以上学历，自动化等相关专业； 2、 从事消费电子点胶遮蔽领域工作，具3年以上工作经验，具有丰富的自动化点胶机和去胶机使用和维护经验，能够根据客户需求完成点胶、去胶方案设计，设备选型，自动化线搭建等工作； 3、 精通运动控制系统、胶阀控制、胶水特性及各种传感器； 4、 熟悉UV遮蔽胶，热熔胶，防水胶，underfill等； 5、 熟悉CCD机器视觉系统，具有点胶整机集成、软硬件开发开发经验者优先； 6、 有手机、耳机行业点胶从业经验者优先。注：2班倒  关注公众号马 克 数 据 网,大专,3-5年,2.0,视觉设计<教育_传媒_广告,,,吉安大道8号,泰和县,360826,泰和县,36,吉安市,泰和县,360826,江西,college,0,0,0,1,0,0,0,3.0,1,2.0,0,8001.0,10000.0,9000.5,准重复广告(企业+岗位+区域+薪资相同，描述微差)
5763,漳州+南平+龙岩+宁德.xlsx,2026-05,2026-06-02,未标注,福建官井洋港务有限公司,行政主管,宁德,福安市,8000.0,12000.0,★本岗位工作地点为宁德福安，投递前请悉知。★岗位职责1. 参与行政管理制度与工作流程的完善和落地推进。2. 指导公文起草、资料撰写、档案汇编与信息提供。3. 监督文印管理事务及档案保管、查借、保密和安全。4. 协助监测证照与印章状态，编制管理计划并组织实施。5. 编制办公物资采购与维护计划并监督实施，指导供应商关系发展。6. 检查办公物资的建账、保管和调配，负责动态跟踪与清查盘点。7. 负责公司重大接待与会务方案的拟定和执行协调，监督日常接待。8. 检查接待与会务场所的维护、布置和准备，指导开展相关服务。9.协助监测公司车辆整体状态，负责编制管理计划并监督执行。10.参与编制企业信息化建设及形象建设方案并推动实施。11.参与行政管理策略的制定与落实，协助管理体系的搭建和优化。12.负责出具管理解决方案，协助编制行政管理预算，落实费用核算统计。13.参与行政管理费用控制和能效提升，对接协调职能部门行政管理工作。14.协助开展经营有关政策法规的收集、解读和专业支持。15. 完成上级交办的临时、合理且力所能及的事务。★任职资格1. 教育程度：本科及以上学历，行政管理、汉语类专业优先。2. 工作经验：具备5年以上行政管理经验，拥有档案管理经验的优先。3. 专业知识：具备写作系统知识，掌握档案管理基础知识的优先。4. 行业知识：无硬性要求，了解矿山生产或工程建设流程的优先。5. 专业技能：熟悉档案管理，能够撰写逻辑缜密、语句连贯的文字材料。6. 工作技能：熟练使用MS Office软件，能够使用PS、Acrobat软件的优先。7. 能力倾向：思维能力、执行能力、管理能力。,本科,5-10年,1,全职,,,,福安市,350981,福安市,35,宁德市,福安市,350981,福建,bachelor,0,0,0,1,1,0,0,4.0,1,1.0,0,8000.0,12000.0,10000.0,准重复广告(企业+岗位+区域+薪资相同，描述微差)
6021,漳州+南平+龙岩+宁德.xlsx,2026-05,2026-06-02,未标注,福建胜凯伦新能源科技有限公司,检验员,宁德,古田县,4000.0,6000.0,"岗位职责： 1.依照成品检验基准书、外观检验标准、比对样件、批次管理原则对全验。工位进行100%检验，出具全验记录。 2.生产过程首中末件确认检验，首件合格出具合格标签跟踪至产成品；且按检验频率对生产全过程产品质量进行巡检工作，出具巡检记录。 3.对过程检验剔出的不合格品进行隔离、标识和处置，发现重大异常或批量不良及时反馈上级主管。 4,维护过程检验站管理看板内容，保持最新状态，保持成品检验区域日常5S新晰明朗。 5.及时完成公司领导交办的其他工作。 任职资格： 1.中专及以上。 2.专业不限。 3.1年以上制造业工作经验。 4.产品检验方法和检验基本知识。 5.熟悉office办公软件。   （macrodatas.cn）",中专/中技,1-3年,1,全职,,,,古田县,350922,古田县,35,宁德市,古田县,350922,福建,vocational_secondary,0,0,0,0,0,0,0,2.0,1,1.0,0,4000.0,6000.0,5000.0,准重复广告(企业+岗位+区域+薪资相同，描述微差)
6854,漳州+南平+龙岩+宁德.xlsx,2026-05,2026-06-02,未标注,福州今弘达光电科技有限公司,销售工程师,龙岩,武平县,6000.0,12000.0,1、销售人员职位，负责发电公司、供电公司涉及的相关产品的推广及售后相关工作；  2、管理客户关系，完成销售任务；  3、了解和发掘客户需求及购买愿望，介绍公司产品的优点和特色；  4、对客户提供专业的咨询；  5、收取应收帐款。      任职资格  1、专科及以上学历，有一定销售经验；  2、有电力行业销售工作经验，业绩突出者优先；  3、性格外向、反应敏捷、表达能力强，具有较强的沟通能力及交际技巧，具有亲和力；  4、具备一定的市场分析及判断能力，良好的客户服务意识；  5、有责任心，能承受较大的工作压力。,大专,1-3年,1,全职,,,,武平县,350824,武平县,35,龙岩市,武平县,350824,福建,college,0,0,0,1,0,0,0,3.0,1,1.0,0,6000.0,12000.0,9000.0,准重复广告(企业+岗位+区域+薪资相同，描述微差)
7362,漳州+南平+龙岩+宁德.xlsx,2026-05,2026-06-02,未标注,福建龙新三维阵列科技有限公司,环保工艺工程师,龙岩,长汀县,8000.0,15000.0,岗位要求:1. 大专及以上学历，男女不限；2. 吃苦耐劳，有一定的学习能力，能在上级指导下迅速适应工作；3. 化学工程与工艺、应用化学、环境工程、材料科学与工程等相关专业；4. 掌握环保治理专业知识，有从事废气治理工艺设计经验；5. 具备环保工程设计方案设计能力和现场考察分析能力；参与过工程项目设计、有环保工程项目经验的优先考虑；6. 具备优秀的学习能力、组织能力、协调能力和沟通能力。 岗位职责： 1. 负责参与废气治理工艺设计、环保设备设计、设备产品优化等；2. 负责采集实际工程工况信息，参与环保工程项目工艺设计；3. 负责对接业主、施工方的沟通，顺利推进项目的工艺实施；掌握施工现场情况，检查设备工艺的运用情况； 4. 负责环保工程的技术支持，保证各项目指标稳定达标运行； 薪资待遇：8000-15000 元/月，硕士及以上文凭待遇面议。  其他福利待遇  1. 住房福利：免费住宿，三室一厅员工宿舍，拎包入住；  2. 休息休假：享有双休及国家规定的各项法定假日，以及额外带薪休假；  3. 社保福利：按国家规定缴纳五险一金；  4. 健康福利：每年定期免费体检；按月度发放劳保用品，每年夏天为车间人员发放防暑降温补贴；  5. 团建福利：定期组织员工团建活动；丰富员工业余生活；  6. 带薪培训：公司不定期组织员工进行带薪培训，提高专业知识，  7. 健康福利：定期免费体检，并提供健康保险；  8. 公平公正公开的晋升机会，个人上升空间巨大； 招聘流程：  电话初试→ 人才测评 → 当面复试 → 发放 offer → 入职联系方式：  联系人：黄小姐（人力资源）   手机：***********公司 网址 www.longxin-tech.com   报名简历将投递到公司人事邮箱：****************   联系地址：福建省龙岩市经济技术开发区曲潭路15号3号楼2层,大专,1-3年,2,设备工程师<互联网IT,,,,长汀县,350821,长汀县,35,龙岩市,长汀县,350821,福建,college,0,0,0,1,0,0,0,3.0,1,2.0,0,8000.0,15000.0,11500.0,准重复广告(企业+岗位+区域+薪资相同，描述微差)
7564,漳州+南平+龙岩+宁德.xlsx,2026-05,2026-06-02,未标注,上海众山管件有限公司,生产技术员,宁德,周宁县,5000.0,10000.0,福利：根据个人表现，年底发放年终奖金福建青山钢管有限公司注册资金1亿，不锈钢管道/配件龙头制造商集团公司青山实业世界500强升至279位住宿：公司提供宿舍（当地居民楼房）交通：公司大巴1、不锈钢制管道以及对焊件（管配件：弯头、三通、大小头等）的制造、焊接、过程检验、现场质量监督工作，掌握和保证生产进度，协调解决生产过程中产生的问题。工业设计、机械机电、电气等专业优先。2、熟练使用锯床、液压、CNC坡口、车床、抛光、铣床、热处理、酸洗等设备3、配合质保部搞好质量体系的实施和改良。4、协助各相关部门做好技术改进，设备改造，工艺改善等工作，降低产品成本，提高产品市场竞争力。任职要求：1、液压、机械设计或焊接专业者优先考虑，2、具备不锈钢制对焊件（管配件：弯头、三通、大小头等）的制造、检验、包装、发运等经验优先考虑。3、熟练使用CAD等设计软件，熟练掌握常见办公软件的使用4、了解质量管理体系、知晓运用质量管理工具和方法，具有产排料（如焊接、机加工、冷作等）相关质量检验工作经验者优先；5、沟通能力及理解能力强，有责任心，细心认真，具有较强的团队意识以及优异的学习能力；。数据由马 克 数 据整理,本科,不限,,全职,,,,周宁县,350925,周宁县,35,宁德市,周宁县,350925,福建,bachelor,0,0,0,1,1,0,0,4.0,1,,1,5000.0,10000.0,7500.0,准重复广告(企业+岗位+区域+薪资相同，描述微差)
9323,福州+三名下辖各县（含县级市）.xlsx,2026-05,2026-06-02,马克数据网,福建中科光汇激光科技有限公司,生产技术员/操作工,福州,闽侯县,4000.0,7000.0,岗位职责：1.在生产领班和产品工程师的带领下，进行光学器件和电路板装配。2.熟练操作本岗位的生产设备、仪器，并进行日常维护保养。3.听从工作调动，学习能力强，做事灵活。任职要求：1. 有一定电脑操作经验，有相关光学、微电子等生产企业工作经验者优先。2. 男女不限，45岁以下优先薪酬待遇：基本工资+绩效  关注微信公众号马克数据网,学历不限,不限,,全职,,海西高新技术产业园创新园13号楼,海西高新技术产业园创新园13号楼,闽侯县,350121,闽侯县,35,福州市,闽侯县,350121,福建,unlimited,0,1,0,0,0,0,0,,0,,1,4000.0,7000.0,5500.0,准重复广告(企业+岗位+区域+薪资相同，描述微差)
9462,福州+三名下辖各县（含县级市）.xlsx,2026-05,2026-06-02,马克数据网,福建仙芝楼生物科技有限公司,电商视觉设计,福州,闽侯县,6000.0,10000.0,"岗位职责:1、负责电商各平台店铺（天猫、京东）的整体形象设计、广告图片的制作及美化、整体布局、活动 报名相关图片的制作，对更新的产品进行美化拍摄；2、店铺促销期间的活动专题页设计及促销宣传版面，配合运营人员做推广宣传图、直通车及钻石展位推广图片；3、定期更新促销图片和页面、配合店铺销售活动、美化修改产品页面及定期更新店铺主页；4、热爱创意，拒绝平庸，提出创意并保证作品的质量； 任职要求：1、大专或以上学历，美术、设计或相关专业,2年以上相关工作经验2、熟练掌握Photoshop、Coreldraw、AI等设计软件； 2、有良好美术基础和审美能力，有较强的学习能力，富于创新、思维活跃, 并对先进的设计理念和 趋势有较强的理解能力；3、具备良好的沟通能力和团队协作精神，并富有工作激情、创造力和责任感，能承受一定的工作压力；4、有扎实的手绘功底或C4D优先, 有互联网保健产品设计经验者优先，有产品摄影经验者优先；    更多数据：搜索马克数据网来源：www.macrodatas.cn",大专,1-3年,1,全职,,高新一路创新园9号楼,高新一路创新园9号楼,闽侯县,350121,闽侯县,35,福州市,闽侯县,350121,福建,college,0,0,0,1,0,0,0,3.0,1,1.0,0,6000.0,10000.0,8000.0,准重复广告(企业+岗位+区域+薪资相同，描述微差)
9601,福州+三名下辖各县（含县级市）.xlsx,2026-05,2026-06-02,马克数据网,福州海比科技有限公司,运营总监（事业部经理）,福州,闽侯县,22000.0,25000.0,"职责描述：1、负责公司运营事业部管理工作，包括整合部门运营客户营销，客户管理，线上运营数据整合等工作2、根据现有人员情况，管理亚马逊电商团队，制定高效运作计划，负责团队人员管理和协调，人员的任选育留等工作，带领整个团队实现营销目标；3、监控、整理和分析运营的各项数据，及时落实人员提升运营水平和业务水平，及时提出合理化建议并处理问题；4、负责产品供应、销售、物流，市场等环节的衔接、整合和管理；5、负责收集市场和行业信息，分析总结竞争对手，行业信息，为公司的总体战略制定提供相关依据；任职要求：1、本科以上学历，电子商务,国际贸易，英语，市场营销等专业， 5年以上运营管理经验；良好客户服务意识和团队管理经验2、熟悉外贸平台的操作模式、规范和运营流程，并有成功运营家居，户外等产品的经验；3、精通互联网、电子商务等相关行业，能较好地把握互联网、电子商务平台技术发展趋势、动态；4、具备良好的沟通与团队管理能力，能够独立组建团队，制定销售政策和管理制度；5、有强烈的责任感，上进心和事业心，沟通与组织协调能力，善于与团队进行交流合作。  更多数据：www.macrodatas.cn",本科,5-10年,1,全职,,海西园创业路6号,海西园创业路6号,闽侯县,350121,闽侯县,35,福州市,闽侯县,350121,福建,bachelor,0,0,0,1,1,0,0,4.0,1,1.0,0,22000.0,25000.0,23500.0,准重复广告(企业+岗位+区域+薪资相同，描述微差)
9704,福州+三名下辖各县（含县级市）.xlsx,2026-05,2026-06-02,马克数据网,福建环信投资集团有限公司,环保技术员（管培生）,福州,闽侯县,5000.0,6000.0,岗位职责：在污水处理项目现场历练一年，协助施工管理、运营维护等工作，公司安排专项培训学习；一年后，根据个人能力特点，按投标设计岗、施工管理岗、运营管理岗、技术支持岗来定岗。 任职要求：1、本科或以上学历；环境工程、化学工程、给排水等相关专业；2、品行端正，有较强的责任心、进取心和学习能力。 本岗位面向2022届毕业生和毕业两年内（2020或2021年毕业）的人员。。来源：马 克 数 据 网,本科,不限,1,全职,,邦邦财富中心1栋,邦邦财富中心1栋,闽侯县,350121,闽侯县,35,福州市,闽侯县,350121,福建,bachelor,0,0,0,1,1,0,0,4.0,1,1.0,0,5000.0,6000.0,5500.0,准重复广告(企业+岗位+区域+薪资相同，描述微差)
9710,福州+三名下辖各县（含县级市）.xlsx,2026-05,2026-06-02,马克数据网,中国节能环保集团有限公司,物业综合维修工,福州,闽侯县,0.0,0.0,工作内容： 1.服从工程总监的工作安排，严格按照电气操作规程进行操作，认真完成任务； 2.参与物业高低压变配电设备/系统的运行值班，电气控制装置及照明系统的日常运行、维护保养和巡视检查等工作； 3.熟悉楼宇内电气设备的情况，严格执行电气设备保养制度和操作规程，认真做好各项运行记录； 4.做好应急抢修工作，接到故障报告后，应立即赴现场，及时有效地完成抢修工作，并做好详细记录； 5.发现故障的问题，及时采取措施，尽快排除和解决，做好记录并汇报上级领导；及时有效地完成各项电器维修单修理工作。 岗位要求： 1.年龄35周岁以下； 2.持有电工证； 3.吃苦耐劳，服从安排。,学历不限,不限,3,全职,,创新园二期19栋,创新园二期19栋,闽侯县,350121,闽侯县,35,福州市,闽侯县,350121,福建,unlimited,0,1,0,0,0,0,0,,0,3.0,0,0.0,0.0,,准重复广告(企业+岗位+区域+薪资相同，描述微差)
10458,莆田（1县，几乎都是市区）+厦门（0县，没有下辖县，全是市区）+福州.xlsx,2026-05,2026-06-02,马克数据网,福州跨洋贸易有限公司,外贸业务主管,泉州,惠安县,5000.0,7000.0,岗位职责： 1、根据公司分配的销售目标，制定部门的销售预测、指标分解及销售计划，确保完成部门销售任务。制定每个月客户指标，并跟踪指标完成情况； 2、主导部门重点客户订单操作，及督促下属按照规定处理客户订单，确保重点客户订单操作顺畅及所有订单处理无差错； 3、根据市场信息，参与及协助部门成员与潜在及现有重点客户谈判，跟踪落实后续订单操作，做好订单衔接，确保重点客户成功率和签约客户满意率； 4、通过定期和不定期的考察了解业务员的工作能力和工作状态，协助领导指定部门培训计划，并落实培训开展，提升团队业务能力、业务水平和知识，促进业务增长； 5、指导、管理、监督下属的业务工作，关注员工的工作状况、员工关系管理，改善工作质量和服务态度，加强对下属人员的绩效考核和奖惩事项； 6、主动做好与各部门的沟通和协调工作，指导下属及时处理工作中的各种问题； 7、领导交办的其他事宜。  任职要求：   1、大专及以上营销类、国际贸易类、外语类等相关专业；    2、从事相关外贸管理工作2年以上，英语6级（或同等水平），书面、口头表达流利，精通专业术语；    3、具备良好的职业道德和素养、保守商业机密，爱岗敬业，有团队精神，善于学习，积极进取；具有良好的心理素质，能承受一定的工作压力，工作能力突出；    4、熟悉包袋专业知识及制作流程，了解面辅料特点及性能；    5、熟悉外贸知识、熟练掌握国际贸易实务及外贸函电，能够做到独立开发、谈判、报价、接单、签定合同、全程跟踪订单等；    6、能够带领所属团队全面遵守公司制度要求，执行公司业务流程，有责任对下属进行培训和指导；    7、具备出众的理解分析能力，能够分析客户及供应商的特点、产品定位及价格构成。,大专,1-3年,1,全职,,城南工业区迎宾东路1号,城南工业区迎宾东路1号,惠安县,350521,惠安县,35,泉州市,惠安县,350521,福建,college,0,0,0,1,0,0,0,3.0,1,1.0,0,5000.0,7000.0,6000.0,准重复广告(企业+岗位+区域+薪资相同，描述微差)
10633,莆田（1县，几乎都是市区）+厦门（0县，没有下辖县，全是市区）+福州.xlsx,2026-05,2026-06-02,马克数据网,福建慧芯激光科技有限公司,厂务主管,泉州,惠安县,12000.0,20000.0,岗位职责1、厂务系统维护，确保各个系统正常运作；2、建立健全设备管理制度、维护保养制度；3、分析和提高设备产能，降低制造成本，做好相关持续改善；4、及时处理紧急抢修工作，确保生产的正常进行；5、确保设备运转率满足kpi指标；6、协调及监督施工管理，保证质量、安全及可靠性。?任职资格：1、专科以上学历，建筑环境与设备、给排水工程、机电安装工程、暖通等相关专业；2、熟悉电子行业水电气需求，以及工艺冷却水、纯水，废水、废气、真空、压缩空气等处理系统工作原理；3、熟悉常用气体供应系统安全使用规范，厂务设备维护保养流程；4、2年以上相关工作经验，有半导体行业工作经验者优先；5、熟悉施工图纸及规范，了解行业相关规范，会熟练使用CAD软件优先；6、有高/低压电工操作证、压力容器操作证优先，有建厂经验者尤佳；7、熟练使用office办公软件；8、品德优秀，诚实正直，严于律己，乐于助人；9、积极向上，责任心强，善于思考，主动建议。工作地点：泉州、厦门及其他新设立的生产基地    马 克 数 据 网,本科,3-5年,1,暖通<房地产_建筑,,,惠安县世纪大道建筑业大厦1号楼三楼,惠安县,350521,惠安县,35,泉州市,惠安县,350521,福建,bachelor,0,0,0,1,1,0,0,4.0,1,1.0,0,12000.0,20000.0,16000.0,准重复广告(企业+岗位+区域+薪资相同，描述微差)
10895,莆田（1县，几乎都是市区）+厦门（0县，没有下辖县，全是市区）+福州.xlsx,2026-05,2026-06-02,马克数据网,渠梁电子有限公司,IT-INF工程师,泉州,晋江市,6000.0,10000.0,岗位职责：1、执行新基础设施 (操作系统、硬件环境、数据库、网络、 信息技术) 分析与建置工作。 2、执行基础设施维护工作。 3、执行基础设施标准与规格文件之修订。 4、执行基础设施异常排除与问题诊断 。 5、主管交办任职资格：1、本科及以上学历，可接受优秀应届生；2、具备良好协调沟通技巧、简报能力 。    马-克-数据,本科,不限,1,全职,,集成电路科学园建兴路368号368号,集成电路科学园建兴路368号368号,晋江市,350582,晋江市,35,泉州市,晋江市,350582,福建,bachelor,0,0,0,1,1,0,0,4.0,1,1.0,0,6000.0,10000.0,8000.0,准重复广告(企业+岗位+区域+薪资相同，描述微差)
12584,贵溪+鹰潭.xlsx,2026-05,2026-06-03,马克数据网,萍乡市景胜园林景观工程有限责任公司,预结算,萍乡,莲花县,3000.0,6000.0,1、能够熟悉掌握园林绿化景观工程预结算审核工作，具有类似工作经验，有造价公司经验者优先；  2、建筑工程、造价相关专业，大专以上学历；书面表达能力强，沟通能力优秀；  3、有项目预结算工作经验，具有多年现场施工经验；能协助单个项目预算编制及造价、结算审核；  4、具备工程预、结算和工程管理的专业知识；能够熟练进行工程成本测算；  5、熟悉江西省工程定额，新的清单计价规范，熟悉神机、共有计价软件及广联达算量软件；  6、责任心强，有敬业景胜，具有非常强的职业操守原则。,大专,1-3年,1,全职,,开发区,开发区,莲花县,360321,莲花县,36,萍乡市,莲花县,360321,江西,college,0,0,0,1,0,0,0,3.0,1,1.0,0,3000.0,6000.0,4500.0,准重复广告(企业+岗位+区域+薪资相同，描述微差)
5141,宜春.xlsx,2026-05,2026-06-03,马克数据网,中汽高安森泽商贸城开发有限公司,新媒体运营策划,宜春,招聘区,7000.0,9000.0,岗位职责：1、 负责自媒体平台（公众号、抖音等短视频平台）运营，包括拍摄剪辑、编辑文案、发布、维护、互动，提高影响力和关注度；2、 参与活动的创意构思及策划，负责部分广告文案的撰写，整合相关资源推进活动实施；3、针对整合营销项目需求提出的内容创意方案，承接传播内容策划及落地执行；4、结合节日及其他热点事件等进行小视频策划、制作和内容运营；5、负责公司及品牌相关设计宣传以及领导安排的其它事项。要求：1、 35岁以下，大专以上学历，编导、新媒体等相关专业，有剪辑工作经验；2、 思维敏捷、创新能力强、适应能力强，具有较强的新闻、热点敏感性，有较强的文案功底； 3、有良好的策略思考能力并能独立撰写方案，熟悉各短视频领域平台法则（抖音、微视等），具备视频制作剪辑能力，能熟练运用AE/PR/PS等软件技术；4、逻辑思维清晰，工作细致、认真，表达能力强，具有良好的工作责任心；,大专,1-3年,1,全职,,中汽大道11号,中汽大道11号,招聘区,,,,,,,,college,0,0,0,1,0,0,0,3.0,1,1.0,0,7000.0,9000.0,8000.0,工作区域未匹配到县级区划代码
