county_code,county_name,county_code_2020census,province,prefecture,gdp_total_billion,gdp_per_capita,share_primary_ind,share_sec_ind,share_tert_ind,emp_total_est,emp_sec_ind,emp_tert_ind,fiscal_revenue_billion,scale_industrial_firms
330122,桐庐县,330122,浙江,杭州市,534.77,108859.1,0.0286,0.4915,0.4799,287837,141472,138140,41.41,2637
330127,淳安县,330127,浙江,杭州市,80.06,22000.0,0.0294,0.4906,0.4799,231618,113642,111161,5.91,210
330182,建德市,330182,浙江,杭州市,160.19,71775.8,0.027,0.4739,0.4991,137032,64935,68397,11.79,782
330225,象山县,330225,浙江,宁波市,1012.29,198201.0,0.0295,0.4985,0.472,313412,156244,147919,94.38,2798
330226,宁海县,330226,浙江,宁波市,1171.79,170448.0,0.0253,0.509,0.4658,417049,212273,194241,110.25,3512
330281,余姚市,330281,浙江,宁波市,1081.42,159864.2,0.0302,0.4823,0.4875,397970,191921,194026,77.42,3619
330282,慈溪市,330282,浙江,宁波市,1745.39,125051.0,0.0286,0.4798,0.4916,827376,396979,406727,156.47,7114
330324,永嘉县,330324,浙江,温州市,372.17,51091.6,0.0564,0.4416,0.502,444661,196351,223209,20.3,1573
330326,平阳县,330326,浙江,温州市,763.48,109211.8,0.0486,0.4381,0.5133,449758,197043,230871,71.66,2989
330327,苍南县,330327,浙江,温州市,66.22,31189.7,0.0297,0.4822,0.4881,138643,66852,67668,3.63,275
330328,文成县,330328,浙江,温州市,922.11,168889.9,0.1121,0.4418,0.4462,331616,146491,147955,79.1,3596
330329,泰顺县,330329,浙江,温州市,231.78,95258.4,0.1268,0.3551,0.5181,160586,57030,83194,15.99,1162
330381,瑞安市,330381,浙江,温州市,600.87,128521.4,0.0287,0.4822,0.4891,304872,146998,149118,49.48,2974
330382,乐清市,330382,浙江,温州市,647.93,97686.4,0.1497,0.3156,0.5346,390307,123197,208663,47.08,2672
330383,龙港市,330383,浙江,温州市,314.79,97826.7,0.1113,0.4722,0.4165,193621,91422,80650,23.31,920
330421,嘉善县,330421,浙江,嘉兴市,253.94,44955.8,0.0756,0.4494,0.475,358957,161320,170487,19.14,913
330424,海盐县,330424,浙江,嘉兴市,516.41,160540.9,0.1477,0.4001,0.4522,206064,82444,93185,42.3,1867
330481,海宁市,330481,浙江,嘉兴市,1023.65,146688.9,0.0278,0.5098,0.4624,451943,230391,208967,86.04,3618
330482,平湖市,330482,浙江,嘉兴市,185.74,91970.2,0.03,0.479,0.491,118359,56696,58115,11.92,781
330483,桐乡市,330483,浙江,嘉兴市,677.69,135915.5,0.1098,0.4848,0.4053,295903,143457,119944,47.74,2596
330521,德清县,330521,浙江,湖州市,335.53,60287.0,0.1154,0.4825,0.4021,348487,168149,140114,29.58,1797
330522,长兴县,330522,浙江,湖州市,583.05,143656.5,0.0283,0.5614,0.4103,261601,146872,107337,46.25,2242
330523,安吉县,330523,浙江,湖州市,350.78,118969.2,0.0295,0.4987,0.4719,191149,95323,90195,27.74,1743
330624,新昌县,330624,浙江,绍兴市,331.91,85080.9,0.116,0.4613,0.4226,255233,117748,107871,30.58,1627
330681,诸暨市,330681,浙江,绍兴市,1138.05,164172.9,0.103,0.437,0.46,427868,186996,196818,103.24,3550
330683,嵊州市,330683,浙江,绍兴市,773.6,142256.0,0.0279,0.4896,0.4825,343977,168422,165952,46.38,3059
330723,武义县,330723,浙江,金华市,1035.52,169865.6,0.0552,0.4936,0.4512,382340,188736,172506,81.25,3781
330726,浦江县,330726,浙江,金华市,388.94,75151.4,0.029,0.4644,0.5066,313001,145356,158556,33.7,1333
330727,磐安县,330727,浙江,金华市,450.38,144459.8,0.1084,0.4414,0.4502,183816,81140,82755,33.77,1885
330781,兰溪市,330781,浙江,金华市,345.49,122254.1,0.0308,0.5156,0.4535,182971,94341,82986,23.72,1058
330782,义乌市,330782,浙江,金华市,2165.2,137505.4,0.1012,0.4418,0.457,1023160,452077,467571,138.48,10180
330783,东阳市,330783,浙江,金华市,563.12,88876.8,0.0951,0.4762,0.4287,372942,177576,159891,48.18,2928
330784,永康市,330784,浙江,金华市,842.35,126320.1,0.036,0.4953,0.4687,430082,213029,201580,59.5,2669
330822,常山县,330822,浙江,衢州市,869.56,117371.2,0.0288,0.4727,0.4985,455152,215172,226880,46.05,2190
330824,开化县,330824,浙江,衢州市,322.08,72684.2,0.1077,0.422,0.4703,261434,110337,122953,26.78,1351
330825,龙游县,330825,浙江,衢州市,530.41,75704.1,0.0273,0.5438,0.4289,457769,248952,196318,44.06,2473
330881,江山市,330881,浙江,衢州市,474.65,134099.2,0.0289,0.5453,0.4258,221689,120882,94397,25.18,1636
330921,岱山县,330921,浙江,舟山市,156.76,74577.1,0.049,0.4618,0.4892,123674,57114,60495,8.23,456
330922,嵊泗县,330922,浙江,舟山市,180.61,52027.8,0.0299,0.4807,0.4895,222075,106742,108703,10.89,689
331022,三门县,331022,浙江,台州市,488.07,126172.4,0.1113,0.4356,0.4531,235407,102545,106660,30.79,2361
331023,天台县,331023,浙江,台州市,119.79,26293.7,0.1722,0.4594,0.3684,289839,133160,106766,11.26,376
331024,仙居县,331024,浙江,台州市,219.99,99685.7,0.0694,0.432,0.4986,139495,60260,69550,16.36,907
331081,温岭市,331081,浙江,台州市,781.67,116190.6,0.0288,0.4468,0.5244,422075,188571,221350,46.16,3319
331082,临海市,331082,浙江,台州市,260.42,61451.8,0.1517,0.4518,0.3965,255319,115353,101239,23.1,1122
331083,玉环市,331083,浙江,台州市,412.04,77563.6,0.0255,0.5103,0.4643,315700,161091,146569,32.16,1803
331121,青田县,331121,浙江,丽水市,124.56,30060.8,0.0453,0.5857,0.369,266249,155943,98241,8.51,514
331122,缙云县,331122,浙江,丽水市,161.72,22000.0,0.0654,0.4635,0.4711,459584,213030,216518,14.83,803
331123,遂昌县,331123,浙江,丽水市,849.59,119560.6,0.1623,0.351,0.4868,457205,160463,222550,62.05,3991
331124,松阳县,331124,浙江,丽水市,465.79,142773.6,0.0288,0.489,0.4822,193865,94808,93479,35.05,1577
331125,云和县,331125,浙江,丽水市,710.07,142092.8,0.0812,0.3895,0.5293,310005,120747,164100,45.28,3589
331126,庆元县,331126,浙江,丽水市,328.98,54618.2,0.1324,0.3735,0.494,380570,142153,188010,18.77,922
331127,景宁畲族自治县,331127,浙江,丽水市,319.12,55427.2,0.0282,0.4323,0.5395,356655,154177,192411,19.21,1102
331181,龙泉市,331181,浙江,丽水市,450.66,168991.3,0.0791,0.5773,0.3437,160602,92713,55192,38.07,1235
350121,闽侯县,350121,福建,福州市,1195.56,120000.0,0.0299,0.576,0.3941,610861,351858,240754,71.38,4741
350122,连江县,350122,福建,福州市,458.1,72981.1,0.3141,0.4103,0.2756,394075,161695,108599,24.49,2314
350123,罗源县,350123,福建,福州市,386.09,122838.7,0.0781,0.5072,0.4146,183736,93194,76185,30.94,1613
350124,闽清县,350124,福建,福州市,764.29,119931.5,0.2199,0.3667,0.4134,382904,140405,158296,54.86,3969
350125,永泰县,350125,福建,福州市,184.43,81464.5,0.0586,0.4909,0.4505,146753,72041,66112,10.19,732
350128,平潭县,350128,福建,福州市,762.85,118876.0,0.1131,0.5348,0.3521,417042,223035,146848,50.97,3416
350181,福清市,350181,福建,福州市,1295.47,118070.0,0.1928,0.4421,0.3651,706445,312307,257928,113.73,5268
350322,仙游县,350322,福建,莆田市,230.62,68953.3,0.1368,0.4007,0.4624,205452,82332,95010,12.83,1196
350405,沙县区,350427,福建,三明市,747.98,120133.4,0.0643,0.4769,0.4588,392359,187113,180017,60.46,3865
350421,明溪县,350421,福建,三明市,331.62,80504.7,0.2093,0.4249,0.3657,245728,104414,89874,30.83,1819
350423,清流县,350423,福建,三明市,316.51,107994.9,0.0929,0.4624,0.4447,191056,88342,84956,29.11,884
350424,宁化县,350424,福建,三明市,393.54,130148.0,0.1115,0.4891,0.3994,197290,96492,78796,32.43,1864
350425,大田县,350425,福建,三明市,214.97,86924.3,0.0818,0.4315,0.4867,162565,70150,79114,14.43,1093
350426,尤溪县,350426,福建,三明市,840.01,118259.7,0.101,0.4117,0.4873,445532,183417,217096,75.14,3831
350428,将乐县,350428,福建,三明市,932.78,138756.7,0.2245,0.4795,0.296,396203,189971,117280,60.01,4324
350429,泰宁县,350429,福建,三明市,530.51,91947.2,0.1581,0.4032,0.4387,353873,142684,155235,31.91,2290
350430,建宁县,350430,福建,三明市,320.86,78139.1,0.1997,0.4834,0.3169,247508,119644,78444,29.67,1533
350481,永安市,350481,福建,三明市,134.93,22000.0,0.0458,0.4824,0.4718,395669,190859,186672,9.7,431
350521,惠安县,350521,福建,泉州市,472.67,103534.5,0.1796,0.4575,0.3629,284670,130237,103300,27.9,1408
350524,安溪县,350524,福建,泉州市,225.06,48476.5,0.1834,0.4267,0.3899,302793,129203,118067,16.26,790
350525,永春县,350525,福建,泉州市,429.12,88971.0,0.1444,0.473,0.3826,290086,137212,110978,24.12,1835
350526,德化县,350526,福建,泉州市,313.42,93915.1,0.0682,0.5034,0.4284,199829,100590,85613,18.09,1686
350527,金门县,350527,福建,泉州市,111.82,86233.1,0.0278,0.5183,0.4539,82758,42893,37561,9.42,379
350581,石狮市,350581,福建,泉州市,333.98,88728.7,0.1951,0.3864,0.4185,220280,85113,92188,19.64,1419
350582,晋江市,350582,福建,泉州市,1317.6,120000.0,0.1131,0.4531,0.4338,676641,306577,293551,73.02,3319
350583,南安市,350583,福建,泉州市,345.64,63068.0,0.1261,0.4532,0.4207,322957,146361,135874,18.14,1405
350622,云霄县,350622,福建,漳州市,437.92,100765.0,0.1047,0.4349,0.4605,280291,121884,129060,24.13,1617
350623,漳浦县,350623,福建,漳州市,196.57,97225.9,0.2023,0.4264,0.3713,130465,55631,48436,12.19,577
350624,诏安县,350624,福建,漳州市,391.67,62723.5,0.1918,0.3668,0.4414,399533,146551,176336,36.83,1714
350626,东山县,350626,福建,漳州市,216.84,70348.7,0.1229,0.437,0.4401,199088,87006,87613,14.82,1060
350627,南靖县,350627,福建,漳州市,852.69,123343.6,0.0484,0.4706,0.4811,407033,191531,195807,64.85,2520
350628,平和县,350628,福建,漳州市,499.85,143645.2,0.0288,0.5279,0.4432,213479,112701,94619,45.83,1332
350629,华安县,350629,福建,漳州市,263.09,81607.2,0.1297,0.46,0.4102,195651,90006,80261,20.82,1371
350721,顺昌县,350721,福建,南平市,52.43,50523.2,0.156,0.4085,0.4354,66556,27190,28981,3.39,279
350722,浦城县,350722,福建,南平市,868.88,116417.4,0.1541,0.4181,0.4278,490272,204975,209745,54.52,2940
350723,光泽县,350723,福建,南平市,474.07,74205.8,0.0504,0.4921,0.4575,388394,191131,177691,42.38,1354
350724,松溪县,350724,福建,南平市,505.71,77117.8,0.0862,0.5392,0.3746,387451,208919,145124,34.06,2058
350725,政和县,350725,福建,南平市,822.49,118493.1,0.2231,0.4012,0.3757,417920,167660,157009,43.74,2336
350781,邵武市,350781,福建,南平市,283.86,45199.9,0.1343,0.3462,0.5194,399259,138237,207392,16.82,1308
350782,武夷山市,350782,福建,南平市,266.63,42123.6,0.1645,0.4406,0.3949,414892,182807,163833,23.4,904
350783,建瓯市,350783,福建,南平市,443.42,118828.1,0.0407,0.5282,0.4311,218981,115661,94403,30.39,1779
350821,长汀县,350821,福建,龙岩市,339.79,78066.8,0.029,0.4692,0.5018,277506,130205,139251,27.77,1026
350823,上杭县,350823,福建,龙岩市,190.38,56980.1,0.0662,0.4456,0.4882,216131,96316,105504,10.46,784
350824,武平县,350824,福建,龙岩市,873.19,124361.6,0.2173,0.3756,0.4071,410252,154084,167001,75.04,4548
350825,连城县,350825,福建,龙岩市,446.79,156694.5,0.0455,0.5662,0.3882,184730,104597,71719,37.13,1863
350881,漳平市,350881,福建,龙岩市,455.56,63724.7,0.1074,0.5523,0.3403,426100,235319,145014,27.12,1823
350921,霞浦县,350921,福建,宁德市,111.96,55086.6,0.054,0.5061,0.4399,128100,64831,56356,10.05,486
350922,古田县,350922,福建,宁德市,136.3,67126.5,0.1125,0.4402,0.4473,119964,52810,53658,7.7,683
350923,屏南县,350923,福建,宁德市,75.42,55318.4,0.1232,0.4769,0.3998,89009,42452,35587,7.1,332
350924,寿宁县,350924,福建,宁德市,780.8,135737.6,0.1603,0.4798,0.36,364745,175000,131292,71.95,2396
350925,周宁县,350925,福建,宁德市,720.82,102881.6,0.0743,0.5765,0.3492,417294,240567,145701,57.21,2796
350926,柘荣县,350926,福建,宁德市,244.81,53504.7,0.0311,0.5178,0.4512,286514,148347,129264,16.25,993
350981,福安市,350981,福建,宁德市,645.91,119821.2,0.187,0.3468,0.4662,314583,109102,146660,42.73,1992
350982,福鼎市,350982,福建,宁德市,676.69,129184.2,0.0287,0.5212,0.4501,311107,162154,140029,38.11,2852
360121,南昌县,360121,江西,南昌市,695.38,50153.5,0.2775,0.3554,0.3671,892671,317243,327718,54.79,1847
360123,安义县,360123,江西,南昌市,473.71,76935.7,0.1247,0.3392,0.5361,390826,132562,209516,30.64,2330
360124,进贤县,360124,江西,南昌市,582.96,89053.0,0.0414,0.5131,0.4455,391406,200815,174390,34.17,2201
360222,浮梁县,360222,江西,景德镇市,334.66,68355.8,0.0298,0.5249,0.4453,302075,158572,134510,29.67,1674
360281,乐平市,360281,江西,景德镇市,128.28,35506.5,0.0776,0.5333,0.3891,219847,117240,85544,10.19,398
360321,莲花县,360321,江西,萍乡市,153.77,48145.3,0.0275,0.4089,0.5636,186295,76176,104998,13.76,792
360322,上栗县,360322,江西,萍乡市,406.67,106552.8,0.0292,0.4688,0.502,229755,107710,115333,27.91,1447
360323,芦溪县,360323,江西,萍乡市,349.94,78742.5,0.1483,0.4069,0.4447,289436,117784,128722,22.07,1046
360423,武宁县,360423,江西,九江市,146.6,22000.0,0.1731,0.4339,0.393,391182,169737,153721,10.02,419
360424,修水县,360424,江西,九江市,477.39,67491.7,0.0298,0.4113,0.5589,419984,172751,234712,42.14,1899
360425,永修县,360425,江西,九江市,241.2,74742.1,0.0597,0.4569,0.4833,191067,87307,92344,21.6,1222
360426,德安县,360426,江西,九江市,254.6,74513.8,0.0359,0.4703,0.4938,215079,101155,106196,13.86,1169
360428,都昌县,360428,江西,九江市,228.71,73632.6,0.0846,0.463,0.4524,199649,92438,90328,17.89,1140
360429,湖口县,360429,江西,九江市,234.21,46896.5,0.0778,0.4836,0.4386,324547,156939,142347,22.14,1086
360430,彭泽县,360430,江西,九江市,160.82,78891.1,0.1835,0.4619,0.3546,125360,57899,44452,11.92,703
360481,瑞昌市,360481,江西,九江市,98.65,34339.5,0.0725,0.5106,0.4169,176964,90361,73780,6.25,472
360482,共青城市,360482,江西,九江市,331.64,69465.4,0.0734,0.4828,0.4438,303952,146743,134906,30.4,1134
360483,庐山市,360483,江西,九江市,297.75,62758.6,0.1512,0.4823,0.3665,277956,134067,101861,17.01,1389
360521,分宜县,360521,江西,新余市,131.07,22000.0,0.2119,0.4033,0.3847,376059,151679,144686,9.1,340
360681,贵溪市,360681,江西,鹰潭市,222.22,43358.1,0.22,0.4054,0.3745,299521,121427,112185,16.61,621
360722,信丰县,360722,江西,赣州市,445.81,65587.2,0.1902,0.4259,0.3838,448280,190938,172068,39.52,2003
360723,大余县,360723,江西,赣州市,152.58,22000.0,0.2155,0.4676,0.3169,405303,189505,128452,8.76,677
360724,上犹县,360724,江西,赣州市,278.11,55021.7,0.1143,0.3996,0.4862,304871,121817,148218,16.81,905
360725,崇义县,360725,江西,赣州市,148.72,39941.5,0.1413,0.4242,0.4345,230123,97619,99982,12.63,464
360726,安远县,360726,江西,赣州市,264.59,70165.6,0.1503,0.4399,0.4098,233367,102660,95635,19.67,731
360728,定南县,360728,江西,赣州市,340.49,50070.6,0.252,0.385,0.3629,426133,164073,154655,27.02,897
360729,全南县,360729,江西,赣州市,238.09,49983.1,0.0464,0.3808,0.5728,308924,117630,176949,17.71,1013
360730,宁都县,360730,江西,赣州市,160.07,75587.4,0.1926,0.4424,0.365,125857,55675,45942,8.34,651
360731,于都县,360731,江西,赣州市,289.48,43186.1,0.0299,0.4804,0.4898,415349,199527,203419,24.03,1429
360732,兴国县,360732,江西,赣州市,305.85,44745.7,0.234,0.3621,0.404,444925,161092,179737,24.29,1516
360733,会昌县,360733,江西,赣州市,164.16,46737.7,0.0293,0.4959,0.4748,217600,107907,103314,10.58,609
360734,寻乌县,360734,江西,赣州市,541.4,80855.2,0.0276,0.513,0.4595,436894,224106,200743,48.62,2965
360735,石城县,360735,江西,赣州市,92.82,22000.0,0.1121,0.473,0.4149,265410,125533,110127,7.07,425
360781,瑞金市,360781,江西,赣州市,376.09,58571.6,0.172,0.3682,0.4598,398601,146784,183259,32.8,981
360783,龙南市,360727,江西,赣州市,210.08,49910.3,0.1887,0.4055,0.4058,267423,108443,108526,18.44,735
360821,吉安县,360821,江西,吉安市,354.31,60214.6,0.2722,0.3301,0.3977,357084,117864,142028,21.61,1031
360822,吉水县,360822,江西,吉安市,305.96,65974.6,0.2314,0.3796,0.389,300172,113945,116753,25.69,1481
360823,峡江县,360823,江西,吉安市,68.86,22000.0,0.1313,0.4782,0.3905,202524,96856,79076,3.6,230
360824,新干县,360824,江西,吉安市,262.89,124767.8,0.2048,0.4405,0.3547,122971,54168,43619,17.16,1016
360825,永丰县,360825,江西,吉安市,91.98,40160.3,0.0781,0.489,0.4328,150092,73401,64960,4.84,351
360826,泰和县,360826,江西,吉安市,222.69,61014.1,0.1294,0.4826,0.388,219798,106076,85276,13.37,620
360827,遂川县,360827,江西,吉安市,397.99,108691.2,0.1451,0.3986,0.4563,239742,95568,109383,32.26,1262
360828,万安县,360828,江西,吉安市,334.48,49985.0,0.0294,0.4957,0.4749,422423,209413,200601,22.69,1022
360829,安福县,360829,江西,吉安市,126.35,30561.3,0.1705,0.3478,0.4816,260502,90606,125467,8.09,590
360830,永新县,360830,江西,吉安市,246.9,41225.1,0.0982,0.5089,0.3929,388751,197828,152740,23.11,745
360881,井冈山市,360881,江西,吉安市,352.18,51080.9,0.1252,0.4658,0.409,432545,201470,176905,27.34,1114
360921,奉新县,360921,江西,宜春市,454.93,70548.2,0.15,0.4249,0.4252,379111,161079,161179,31.77,1896
360922,万载县,360922,江西,宜春市,371.78,93698.4,0.1225,0.4489,0.4285,233643,104892,100118,28.27,1969
360923,上高县,360923,江西,宜春市,93.6,46617.5,0.0807,0.4573,0.462,123895,56653,57245,7.54,370
360924,宜丰县,360924,江西,宜春市,92.95,32694.2,0.1158,0.3499,0.5343,175808,61509,93936,8.08,451
360925,靖安县,360925,江西,宜春市,208.14,57950.6,0.0296,0.5622,0.4082,215304,121038,87884,13.31,931
360926,铜鼓县,360926,江西,宜春市,49.52,56957.5,0.2234,0.3827,0.3939,50943,19494,20068,3.28,193
360981,丰城市,360981,江西,宜春市,284.4,56492.9,0.0283,0.4923,0.4793,326518,160760,156513,16.13,950
360982,樟树市,360982,江西,宜春市,96.71,22000.0,0.1326,0.4306,0.4368,271054,116712,118407,6.16,331
360983,高安市,360983,江西,宜春市,371.61,55189.0,0.0424,0.4997,0.4579,430937,215336,197334,24.81,1595
361021,南城县,361021,江西,抚州市,187.35,59128.7,0.0295,0.5508,0.4197,203620,112151,85468,16.68,658
361022,黎川县,361022,江西,抚州市,377.32,51163.6,0.114,0.4171,0.4689,451398,188287,211665,26.93,1842
361023,南丰县,361023,江西,抚州市,324.37,48539.2,0.0584,0.4525,0.4891,436770,197633,213645,19.43,930
361024,崇仁县,361024,江西,抚州市,192.05,30969.0,0.1264,0.4677,0.4059,389212,182048,157975,11.1,993
361025,乐安县,361025,江西,抚州市,332.6,93147.2,0.0281,0.5332,0.4387,231648,123526,101621,26.77,1199
361026,宜黄县,361026,江西,抚州市,130.2,54102.6,0.1181,0.3762,0.5057,154660,58177,78218,9.22,609
361027,金溪县,361027,江西,抚州市,123.36,32288.9,0.0975,0.4268,0.4757,238046,101595,113237,7.46,651
361028,资溪县,361028,江西,抚州市,177.29,77070.3,0.0296,0.4349,0.5355,149231,64907,79911,13.94,522
361030,广昌县,361030,江西,抚州市,202.88,47274.5,0.1532,0.4771,0.3697,275737,131545,101952,11.68,678
361123,玉山县,361123,江西,上饶市,111.54,35690.6,0.1303,0.4903,0.3794,183977,90205,69800,8.85,303
361124,铅山县,361124,江西,上饶市,212.52,29019.3,0.1708,0.3953,0.4339,425364,168140,184556,11.15,1054
361125,横峰县,361125,江西,上饶市,251.06,36819.0,0.152,0.4621,0.3859,414564,191566,159988,18.5,1072
361126,弋阳县,361126,江西,上饶市,283.86,45866.3,0.1199,0.2985,0.5816,369814,110371,215101,25.63,737
361127,余干县,361127,江西,上饶市,106.2,40769.3,0.1142,0.4724,0.4134,154895,73172,64027,5.83,393
361128,鄱阳县,361128,江西,上饶市,56.87,24749.1,0.0278,0.4924,0.4799,145280,71530,69713,3.97,202
361129,万年县,361129,江西,上饶市,544.59,82936.0,0.215,0.3894,0.3956,392641,152904,155334,37.22,1727
361130,婺源县,361130,江西,上饶市,242.55,60989.7,0.0278,0.4615,0.5107,237064,109402,121061,17.63,697
361181,德兴市,361181,江西,上饶市,351.59,96764.1,0.0703,0.4671,0.4626,213084,99525,98582,22.51,1754
410122,中牟县,410122,河南,郑州市,205.82,44325.1,0.2126,0.4106,0.3769,280218,115048,105600,19.07,608
410181,巩义市,410181,河南,郑州市,125.93,47728.4,0.1664,0.337,0.4966,164425,55416,81653,7.74,691
410182,荥阳市,410182,河南,郑州市,189.86,37372.5,0.1367,0.4358,0.4275,319580,139276,136627,10.5,784
410183,新密市,410183,河南,郑州市,359.83,50574.6,0.1561,0.3782,0.4657,425950,161102,198376,30.81,1397
410184,新郑市,410184,河南,郑州市,225.02,66723.9,0.1797,0.4441,0.3761,217977,96813,81984,14.64,909
410185,登封市,410185,河南,郑州市,520.57,76281.9,0.0406,0.4508,0.5086,414067,186677,210577,31.69,2183
410221,杞县,410221,河南,开封市,233.67,63949.5,0.2039,0.3405,0.4556,241105,82097,109842,21.54,1025
410222,通许县,410222,河南,开封市,223.3,30768.6,0.2178,0.3105,0.4716,471526,146414,222390,19.36,633
410223,尉氏县,410223,河南,开封市,63.77,23910.6,0.0283,0.4684,0.5033,167701,78558,84398,5.52,236
410225,兰考县,410225,河南,开封市,308.58,69204.4,0.1731,0.3885,0.4384,293381,113977,128607,27.73,1258
410307,偃师区,410381,河南,洛阳市,152.59,52050.8,0.1959,0.3647,0.4394,170503,62179,74922,10.38,501
410308,孟津区,410322,河南,洛阳市,157.18,60264.4,0.2006,0.4009,0.3985,160545,64357,63981,14.13,628
410323,新安县,410323,河南,洛阳市,323.6,45955.7,0.1413,0.4242,0.4345,414085,175653,179901,22.81,1428
410324,栾川县,410324,河南,洛阳市,275.76,82269.3,0.1262,0.3729,0.5009,213562,79630,106976,16.6,1460
410325,嵩县,410325,河南,洛阳市,249.51,59813.3,0.0355,0.4394,0.5251,254450,111798,133613,17.72,1161
410326,汝阳县,410326,河南,洛阳市,129.38,33415.2,0.1684,0.3763,0.4553,244378,91954,111266,8.17,475
410327,宜阳县,410327,河南,洛阳市,398.84,60154.5,0.1398,0.3834,0.4768,392316,150409,187049,29.33,1566
410328,洛宁县,410328,河南,洛阳市,129.97,38279.9,0.168,0.3328,0.4992,218747,72803,109194,8.24,602
410329,伊川县,410329,河南,洛阳市,705.77,119131.3,0.2919,0.3185,0.3896,367908,117196,143337,53.66,2266
410421,宝丰县,410421,河南,平顶山市,281.19,52652.9,0.1673,0.3821,0.4506,340161,129962,153284,19.44,1006
410422,叶县,410422,河南,平顶山市,306.91,43959.0,0.0719,0.3635,0.5646,406253,147688,229352,28.93,1420
410423,鲁山县,410423,河南,平顶山市,152.51,44213.8,0.2108,0.3768,0.4125,204960,77220,84538,10.35,726
410425,郏县,410425,河南,平顶山市,230.69,44019.1,0.1071,0.4723,0.4206,308727,145818,129858,15.72,825
410481,舞钢市,410481,河南,平顶山市,121.71,59418.3,0.1319,0.4262,0.4419,120778,51477,53374,9.07,537
410482,汝州市,410482,河南,平顶山市,175.71,70567.2,0.1131,0.436,0.4509,163358,71228,73651,10.38,897
410522,安阳县,410522,河南,安阳市,302.28,42164.2,0.0707,0.5152,0.4141,434578,223898,179947,27.32,1180
410523,汤阴县,410523,河南,安阳市,275.89,58879.4,0.3026,0.2947,0.4027,298263,87902,120120,24.0,935
410526,滑县,410526,河南,安阳市,175.17,62643.8,0.067,0.4244,0.5086,164648,69874,83742,11.14,551
410527,内黄县,410527,河南,安阳市,193.77,40061.2,0.0439,0.4589,0.4972,310551,142506,154401,11.27,661
410581,林州市,410581,河南,安阳市,101.06,32110.3,0.0948,0.5171,0.3881,191382,98965,74275,7.23,286
410621,浚县,410621,河南,鹤壁市,188.55,66581.4,0.0296,0.404,0.5664,174953,70675,99090,16.37,895
410622,淇县,410622,河南,鹤壁市,182.15,51973.0,0.0943,0.5604,0.3453,225392,126303,77827,16.51,555
410721,新乡县,410721,河南,新乡市,177.44,70692.3,0.1734,0.361,0.4656,146733,52970,68325,11.03,769
410724,获嘉县,410724,河南,新乡市,71.16,32510.0,0.1186,0.4953,0.3861,142999,70828,55217,5.12,314
410725,原阳县,410725,河南,新乡市,118.16,22000.0,0.0844,0.4986,0.417,325903,162490,135915,6.96,628
410726,延津县,410726,河南,新乡市,207.92,46349.8,0.036,0.4853,0.4787,272908,132434,130634,14.42,618
410727,封丘县,410727,河南,新乡市,161.47,30405.3,0.0843,0.4812,0.4345,320114,154033,139092,12.69,559
410781,卫辉市,410781,河南,新乡市,209.87,47648.0,0.1696,0.4159,0.4144,258385,107468,107084,17.34,618
410782,辉县市,410782,河南,新乡市,532.51,87159.8,0.2523,0.3771,0.3706,365855,137968,135595,31.47,2477
410783,长垣市,410783,河南,新乡市,113.44,22000.0,0.0469,0.4488,0.5042,318389,142908,160540,9.19,399
410821,修武县,410821,河南,焦作市,477.27,63910.9,0.0293,0.5005,0.4702,481322,240916,226323,45.28,1629
410822,博爱县,410822,河南,焦作市,180.68,29296.6,0.0364,0.4399,0.5237,398038,175086,208458,12.98,739
410823,武陟县,410823,河南,焦作市,263.11,45593.3,0.1302,0.4589,0.4109,354371,162611,145627,13.88,808
410825,温县,410825,河南,焦作市,246.21,59552.9,0.0744,0.4574,0.4682,261631,119670,122497,20.58,892
410882,沁阳市,410882,河南,焦作市,82.8,25140.6,0.0982,0.4959,0.4059,204007,101161,82805,5.07,265
410883,孟州市,410883,河南,焦作市,383.71,51215.6,0.1205,0.4032,0.4763,446027,179844,212422,34.5,1258
410922,清丰县,410922,河南,濮阳市,158.07,29914.8,0.1089,0.4118,0.4792,331506,136529,158872,9.11,407
410923,南乐县,410923,河南,濮阳市,139.73,55221.5,0.0276,0.4757,0.4967,149556,71139,74286,12.64,669
410926,范县,410926,河南,濮阳市,427.87,64928.0,0.0292,0.4963,0.4745,412284,204603,195627,35.07,1627
410927,台前县,410927,河南,濮阳市,389.99,69265.7,0.0821,0.4541,0.4638,335355,152286,155533,22.23,1082
410928,濮阳县,410928,河南,濮阳市,145.24,48877.7,0.1343,0.2715,0.5942,187677,50958,111520,9.43,736
411024,鄢陵县,411024,河南,许昌市,132.65,22000.0,0.3105,0.2913,0.3982,389058,113338,154922,12.48,578
411025,襄城县,411025,河南,许昌市,156.93,30325.5,0.1026,0.4287,0.4687,340144,145811,159426,12.21,530
411081,禹州市,411081,河南,许昌市,245.75,41078.7,0.1534,0.4102,0.4364,359813,147607,157021,13.92,794
411082,长葛市,411082,河南,许昌市,205.87,41018.1,0.0304,0.4862,0.4833,324685,157868,156932,18.92,959
411121,舞阳县,411121,河南,漯河市,165.47,28756.8,0.0285,0.5422,0.4292,367021,199016,157538,13.78,484
411122,临颍县,411122,河南,漯河市,124.23,26586.2,0.0689,0.3803,0.5509,306674,116620,168936,6.55,578
411221,渑池县,411221,河南,三门峡市,383.12,61323.2,0.069,0.4257,0.5053,388604,165423,196350,25.84,1694
411224,卢氏县,411224,河南,三门峡市,154.55,24263.4,0.2388,0.397,0.3642,372506,147877,135657,12.98,442
411281,义马市,411281,河南,三门峡市,270.5,47884.8,0.1313,0.4111,0.4576,362986,149236,166092,22.42,937
411282,灵宝市,411282,河南,三门峡市,257.52,35351.8,0.1108,0.4766,0.4126,462225,220302,190717,22.58,1235
411321,南召县,411321,河南,南阳市,183.29,27256.4,0.0704,0.4191,0.5106,393145,164747,200720,11.04,578
411322,方城县,411322,河南,南阳市,356.86,59857.7,0.1796,0.3707,0.4497,380790,141159,171227,28.46,1532
411323,西峡县,411323,河南,南阳市,104.26,23668.5,0.0637,0.4109,0.5254,281291,115580,147778,7.92,522
411324,镇平县,411324,河南,南阳市,254.84,45348.2,0.116,0.4128,0.4712,348972,144045,164429,13.79,1209
411325,内乡县,411325,河南,南阳市,459.25,84729.2,0.0885,0.4876,0.4239,348917,170144,147905,38.15,2220
411326,淅川县,411326,河南,南阳市,119.36,22808.2,0.145,0.4292,0.4257,342427,146983,145777,9.17,634
411327,社旗县,411327,河南,南阳市,288.29,87915.0,0.1505,0.3542,0.4953,206852,73271,102459,16.99,1382
411328,唐河县,411328,河南,南阳市,207.49,48793.2,0.0817,0.427,0.4913,248679,106184,122169,18.52,1001
411329,新野县,411329,河南,南阳市,220.22,51057.4,0.1844,0.3976,0.418,276665,110005,115639,16.55,757
411330,桐柏县,411330,河南,南阳市,106.16,42011.0,0.0609,0.4955,0.4436,166750,82621,73968,8.11,266
411381,邓州市,411381,河南,南阳市,369.98,86998.9,0.0393,0.431,0.5296,247008,106468,130826,26.32,1210
411421,民权县,411421,河南,商丘市,103.95,34583.8,0.1096,0.4187,0.4717,195385,81808,92170,6.38,533
411422,睢县,411422,河南,商丘市,70.1,27294.7,0.0278,0.4248,0.5474,160995,68396,88128,5.57,306
411423,宁陵县,411423,河南,商丘市,181.66,59752.1,0.0701,0.4781,0.4519,187426,89600,84694,15.19,775
411424,柘城县,411424,河南,商丘市,187.86,36021.9,0.107,0.4229,0.4702,315789,133540,148472,16.8,503
411425,虞城县,411425,河南,商丘市,254.47,67602.2,0.1438,0.459,0.3972,227683,104510,90431,15.75,711
411426,夏邑县,411426,河南,商丘市,197.34,37425.9,0.0283,0.4289,0.5428,311978,133808,169347,10.83,624
411481,永城市,411481,河南,商丘市,133.77,63561.3,0.0748,0.4361,0.489,137148,59815,67071,8.08,360
411521,罗山县,411521,河南,信阳市,195.44,56003.6,0.0291,0.4761,0.4948,214365,102065,106060,10.96,563
411522,光山县,411522,河南,信阳市,451.81,66709.9,0.0291,0.4037,0.5672,424455,171350,240751,27.37,1539
411523,新县,411523,河南,信阳市,401.61,71885.4,0.0282,0.4299,0.5419,349946,150449,189631,24.03,1610
411524,商城县,411524,河南,信阳市,152.02,47767.6,0.1143,0.432,0.4537,195159,84310,88536,9.41,760
411525,固始县,411525,河南,信阳市,136.71,49889.5,0.2092,0.3906,0.4001,162197,63358,64901,9.8,582
411526,潢川县,411526,河南,信阳市,114.95,35697.2,0.1789,0.4594,0.3618,211608,97205,76552,10.54,624
411527,淮滨县,411527,河南,信阳市,148.98,49802.1,0.0531,0.4104,0.5364,176702,72523,94788,12.02,627
411528,息县,411528,河南,信阳市,203.92,51929.7,0.0716,0.4907,0.4376,258225,126718,113004,11.97,814
411621,扶沟县,411621,河南,周口市,76.02,22000.0,0.2166,0.3299,0.4534,203933,67286,92463,6.15,202
411622,西华县,411622,河南,周口市,411.23,60379.6,0.0703,0.4277,0.502,444674,190208,223211,31.66,1583
411623,商水县,411623,河南,周口市,174.66,37254.2,0.1105,0.4897,0.3998,277127,135717,110799,10.36,861
411624,沈丘县,411624,河南,周口市,178.25,47811.5,0.0616,0.5178,0.4206,219443,113628,92296,12.7,538
411625,郸城县,411625,河南,周口市,455.96,73971.2,0.1826,0.3109,0.5064,403533,125467,204367,25.17,1319
411627,太康县,411627,河南,周口市,273.71,43920.6,0.255,0.3649,0.3801,397095,144883,150936,18.23,1200
411628,鹿邑县,411628,河南,周口市,486.13,71063.3,0.087,0.3553,0.5577,429704,152669,239629,39.97,1641
411681,项城市,411681,河南,周口市,286.54,82189.9,0.1397,0.4382,0.422,212375,93070,89630,24.61,897
411721,西平县,411721,河南,驻马店市,121.76,46956.2,0.0626,0.424,0.5134,169317,71787,86924,7.55,641
411722,上蔡县,411722,河南,驻马店市,169.98,23504.2,0.0418,0.4926,0.4656,458938,226062,213698,15.48,727
411723,平舆县,411723,河南,驻马店市,198.5,34131.1,0.0534,0.413,0.5336,349561,144356,186525,11.75,646
411724,正阳县,411724,河南,驻马店市,532.3,78187.0,0.2414,0.3644,0.3941,440422,160505,173584,27.73,2195
411725,确山县,411725,河南,驻马店市,139.27,33965.1,0.0286,0.4583,0.513,265657,121755,136294,9.25,704
411726,泌阳县,411726,河南,驻马店市,447.6,62914.8,0.0285,0.366,0.6055,422366,154581,255753,30.57,1831
411727,汝南县,411727,河南,驻马店市,166.4,71995.8,0.1662,0.348,0.4858,139884,48679,67960,11.96,812
411728,遂平县,411728,河南,驻马店市,291.42,65576.8,0.0953,0.4581,0.4466,288623,132227,128899,24.65,1428
411729,新蔡县,411729,河南,驻马店市,303.65,45519.0,0.0288,0.4063,0.5649,418879,170193,236621,19.04,879
419001,济源市,419001,河南,省直辖县级行政区划,120.99,49711.0,0.2035,0.4186,0.3779,159467,66746,60269,8.09,356
510121,金堂县,510121,四川,成都市,274.72,59467.9,0.1424,0.417,0.4406,275911,115048,121560,19.07,759
510129,大邑县,510129,四川,成都市,350.55,53206.7,0.3668,0.3042,0.329,415901,126527,136817,21.7,977
510131,蒲江县,510131,四川,成都市,300.4,42000.9,0.3485,0.2504,0.4011,421074,105428,168885,16.65,1259
510181,都江堰市,510181,四川,成都市,64.14,22000.0,0.1095,0.376,0.5145,171840,64606,88418,4.26,328
510182,彭州市,510182,四川,成都市,194.18,68923.1,0.0305,0.457,0.5125,179474,82016,91979,14.79,575
510183,邛崃市,510183,四川,成都市,385.05,86379.2,0.0419,0.3712,0.5869,293512,108960,172264,31.8,1173
510184,崇州市,510184,四川,成都市,411.04,71284.6,0.0295,0.3487,0.6218,341070,118927,212068,35.28,1836
510185,简阳市,510185,四川,成都市,124.65,22000.0,0.0798,0.448,0.4722,354559,158841,167423,8.2,570
510321,荣县,510321,四川,自贡市,251.9,43763.9,0.2299,0.4004,0.3697,360392,144312,133241,23.46,1075
510322,富顺县,510322,四川,自贡市,133.94,61483.0,0.1162,0.4628,0.421,143673,66495,60488,10.89,642
510421,米易县,510421,四川,攀枝花市,684.56,99902.6,0.227,0.3677,0.4053,430095,158143,174310,44.65,3667
510422,盐边县,510422,四川,攀枝花市,274.73,78515.0,0.2413,0.2909,0.4678,217064,63152,101531,18.57,968
510521,泸县,510521,四川,泸州市,218.92,83229.1,0.0946,0.4435,0.4618,171516,76071,79211,16.3,1044
510522,合江县,510522,四川,泸州市,405.18,61314.9,0.1302,0.3967,0.4731,422603,167654,199935,35.1,1200
510524,叙永县,510524,四川,泸州市,170.36,35461.9,0.3617,0.3265,0.3118,287445,93855,89634,12.12,687
510525,古蔺县,510525,四川,泸州市,507.9,73215.7,0.1887,0.449,0.3623,436049,195774,157985,38.07,2359
510623,中江县,510623,四川,德阳市,237.55,60858.2,0.0924,0.3879,0.5198,230722,89492,119921,18.88,1211
510681,广汉市,510681,四川,德阳市,166.49,37352.3,0.1009,0.3777,0.5214,285012,107644,148613,11.19,430
510682,什邡市,510682,四川,德阳市,493.92,78918.2,0.215,0.4029,0.3821,369946,149054,141342,26.82,2468
510683,绵竹市,510683,四川,德阳市,267.23,48192.3,0.1667,0.4012,0.4321,337619,135463,145887,16.9,1304
510722,三台县,510722,四川,绵阳市,187.78,39119.9,0.1864,0.3396,0.474,302929,102879,143584,15.15,646
510723,盐亭县,510723,四川,绵阳市,269.81,77869.0,0.2213,0.4137,0.365,201706,83439,73621,15.01,1055
510725,梓潼县,510725,四川,绵阳市,207.14,82378.1,0.1092,0.4322,0.4586,153221,66220,70262,10.94,1020
510726,北川羌族自治县,510726,四川,绵阳市,137.0,28978.9,0.161,0.4001,0.4389,294391,117782,129216,9.46,685
510727,平武县,510727,四川,绵阳市,105.77,41880.9,0.0911,0.4694,0.4395,152439,71550,66994,6.85,309
510781,江油市,510781,四川,绵阳市,208.95,37073.3,0.0299,0.4543,0.5158,351326,159613,181213,13.15,972
510821,旺苍县,510821,四川,广元市,255.92,34987.7,0.0296,0.3955,0.575,462527,182910,265947,15.87,974
510822,青川县,510822,四川,广元市,160.52,29504.5,0.059,0.4598,0.4812,323235,148635,155532,13.08,582
510823,剑阁县,510823,四川,广元市,459.72,75445.0,0.2645,0.3408,0.3947,378733,129057,149488,34.39,1870
510824,苍溪县,510824,四川,广元市,330.67,57977.2,0.2059,0.3854,0.4087,333782,128642,136419,30.94,1752
510921,蓬溪县,510921,四川,遂宁市,473.38,71871.7,0.1174,0.398,0.4846,422746,168235,204876,34.76,2409
510923,大英县,510923,四川,遂宁市,756.91,108614.7,0.2823,0.3315,0.3862,413828,137200,159802,63.92,4020
510981,射洪市,510981,四川,遂宁市,96.46,22000.0,0.1418,0.3746,0.4836,266474,99808,128867,5.29,519
511024,威远县,511024,四川,内江市,219.01,33299.0,0.1052,0.3763,0.5186,417354,157041,216420,20.61,1041
511025,资中县,511025,四川,内江市,363.81,65492.5,0.1372,0.4564,0.4064,361734,165094,147017,19.55,1828
511083,隆昌市,511083,四川,内江市,324.94,103637.5,0.227,0.3771,0.3959,191179,72088,75688,20.88,1063
511123,犍为县,511123,四川,乐山市,337.45,45140.5,0.0924,0.4931,0.4145,465442,229493,192922,26.08,1585
511124,井研县,511124,四川,乐山市,571.17,94094.7,0.1156,0.4118,0.4726,367924,151502,173872,49.51,1731
511126,夹江县,511126,四川,乐山市,239.09,40586.6,0.2151,0.3673,0.4176,375725,138003,156915,22.39,1116
511129,沐川县,511129,四川,乐山市,94.71,45353.5,0.0287,0.4304,0.5409,126390,54397,68358,8.75,397
511132,峨边彝族自治县,511132,四川,乐山市,230.45,52280.1,0.0781,0.3645,0.5574,272900,99474,152123,19.89,886
511133,马边彝族自治县,511133,四川,乐山市,415.58,69189.4,0.0679,0.4069,0.5251,387161,157540,203317,35.21,2130
511181,峨眉山市,511181,四川,乐山市,455.04,78284.9,0.0269,0.3929,0.5803,362297,142329,210225,31.09,1295
511321,南部县,511321,四川,南充市,148.29,67654.2,0.1379,0.3411,0.5209,142197,48506,74077,8.09,537
511322,营山县,511322,四川,南充市,321.99,70235.2,0.1164,0.4287,0.4549,283146,121379,128808,20.84,1427
511323,蓬安县,511323,四川,南充市,577.23,78910.9,0.0298,0.4714,0.4987,435447,205282,217167,35.22,2107
511324,仪陇县,511324,四川,南充市,171.11,32149.1,0.1214,0.3715,0.5072,310143,115208,157292,13.26,865
511325,西充县,511325,四川,南充市,321.03,46664.2,0.0587,0.4358,0.5055,451088,196596,228014,26.0,1492
511381,阆中市,511381,四川,南充市,378.45,56800.6,0.03,0.4844,0.4857,413754,200404,200952,33.64,1779
511421,仁寿县,511421,四川,眉山市,163.56,33251.4,0.1474,0.3787,0.4739,307235,116349,145607,13.47,537
511423,洪雅县,511423,四川,眉山市,338.95,79975.0,0.123,0.5147,0.3623,270344,139141,97953,29.35,987
511424,丹棱县,511424,四川,眉山市,418.75,69799.5,0.1198,0.4168,0.4634,379318,158108,175765,31.58,1902
511425,青神县,511425,四川,眉山市,166.91,54059.9,0.0681,0.4365,0.4954,187404,81798,92846,9.34,723
511523,江安县,511523,四川,宜宾市,392.49,56346.9,0.1085,0.3493,0.5422,417051,145659,226122,33.5,1670
511524,长宁县,511524,四川,宜宾市,348.29,57549.9,0.2823,0.3098,0.4079,388111,120220,158313,23.61,872
511525,高县,511525,四川,宜宾市,77.84,27759.6,0.0405,0.483,0.4765,183692,88731,87528,5.61,368
511526,珙县,511526,四川,宜宾市,173.91,70763.0,0.1747,0.4335,0.3918,162159,70294,63530,9.14,773
511527,筠连县,511527,四川,宜宾市,128.57,51956.1,0.2008,0.4339,0.3653,158642,68827,57959,8.6,487
511528,兴文县,511528,四川,宜宾市,109.8,22000.0,0.0723,0.4801,0.4476,298466,143286,133589,9.29,312
511529,屏山县,511529,四川,宜宾市,167.02,39621.5,0.0953,0.4502,0.4546,258459,116350,117484,9.93,533
511621,岳池县,511621,四川,广安市,283.52,56250.2,0.1035,0.3888,0.5078,320421,124571,162700,24.84,926
511622,武胜县,511622,四川,广安市,227.58,58706.1,0.0365,0.4517,0.5118,225740,101961,115529,18.18,1107
511623,邻水县,511623,四川,广安市,125.0,48847.8,0.1775,0.3207,0.5017,156402,50164,78472,7.23,374
511681,华蓥市,511681,四川,广安市,266.49,52068.9,0.2598,0.3342,0.4059,337186,112702,136875,23.95,1361
511722,宣汉县,511722,四川,达州市,177.89,41374.3,0.0819,0.4665,0.4516,271810,126788,122762,9.91,465
511723,开江县,511723,四川,达州市,135.8,62366.7,0.248,0.3348,0.4172,130909,43829,54616,11.4,428
511724,大竹县,511724,四川,达州市,161.21,60988.9,0.143,0.3638,0.4932,172311,62683,84986,13.73,507
511725,渠县,511725,四川,达州市,259.89,102959.6,0.0791,0.4404,0.4805,161081,70934,77399,24.63,1254
511781,万源市,511781,四川,达州市,166.8,56914.5,0.0456,0.4258,0.5286,188014,80055,99388,14.21,459
511822,荥经县,511822,四川,雅安市,398.83,65233.5,0.1833,0.3481,0.4686,361637,125896,169458,20.99,2048
511823,汉源县,511823,四川,雅安市,58.67,22000.0,0.139,0.386,0.475,157997,60994,75041,3.49,242
511824,石棉县,511824,四川,雅安市,249.43,87313.5,0.1663,0.3272,0.5065,172691,56500,87464,20.89,831
511825,天全县,511825,四川,雅安市,161.19,53776.9,0.0605,0.4118,0.5277,185474,76370,97874,10.34,574
511826,芦山县,511826,四川,雅安市,136.08,29486.2,0.15,0.3922,0.4578,279970,109798,128172,12.73,521
511827,宝兴县,511827,四川,雅安市,455.34,103369.7,0.1584,0.3677,0.4739,276827,101790,131185,35.32,1562
511921,通江县,511921,四川,巴中市,492.56,74678.4,0.1194,0.4444,0.4361,415714,184754,181306,34.88,1702
511922,南江县,511922,四川,巴中市,446.06,76521.7,0.176,0.3366,0.4874,346495,116628,168873,39.74,1131
511923,平昌县,511923,四川,巴中市,127.22,22000.0,0.029,0.4994,0.4716,380790,190161,179589,9.71,649
512021,安岳县,512021,四川,资阳市,178.79,77514.4,0.1525,0.4538,0.3937,149551,67871,58879,11.33,835
512022,乐至县,512022,四川,资阳市,82.25,27034.0,0.1245,0.4021,0.4734,186710,75079,88391,4.58,407
513201,马尔康市,513201,四川,阿坝藏族羌族自治州,134.39,22939.2,0.0543,0.4467,0.499,354367,158300,176826,8.18,539
513221,汶川县,513221,四川,阿坝藏族羌族自治州,336.93,79199.5,0.1504,0.4561,0.3934,254337,116007,100068,28.71,1295
513222,理县,513222,四川,阿坝藏族羌族自治州,404.08,80446.2,0.0526,0.3896,0.5578,314894,122690,175655,35.12,1068
513223,茂县,513223,四川,阿坝藏族羌族自治州,226.14,105808.9,0.2841,0.312,0.4039,138445,43199,55918,13.77,892
513224,松潘县,513224,四川,阿坝藏族羌族自治州,276.02,66435.3,0.0883,0.5073,0.4044,245222,124392,99165,20.66,716
513225,九寨沟县,513225,四川,阿坝藏族羌族自治州,324.25,69414.1,0.0293,0.4096,0.5611,275166,112708,154392,16.99,1522
513226,金川县,513226,四川,阿坝藏族羌族自治州,248.75,35201.3,0.1092,0.4177,0.473,456527,190702,215955,17.33,867
513227,小金县,513227,四川,阿坝藏族羌族自治州,336.08,99290.8,0.2895,0.4012,0.3093,213057,85482,65900,30.48,1180
513228,黑水县,513228,四川,阿坝藏族羌族自治州,102.08,46651.6,0.1214,0.4306,0.448,136961,58982,61357,7.97,346
513230,壤塘县,513230,四川,阿坝藏族羌族自治州,66.25,22000.0,0.1417,0.3556,0.5027,197198,70124,99129,4.32,352
513231,阿坝县,513231,四川,阿坝藏族羌族自治州,134.34,29708.1,0.1631,0.4391,0.3978,288938,126885,114930,10.31,696
513232,若尔盖县,513232,四川,阿坝藏族羌族自治州,251.09,81485.2,0.1912,0.3706,0.4382,201084,74519,88119,18.75,995
513233,红原县,513233,四川,阿坝藏族羌族自治州,92.21,33465.8,0.0688,0.4706,0.4606,164180,77268,75618,5.65,321
513301,康定市,513301,四川,甘孜藏族自治州,68.9,22000.0,0.1094,0.4007,0.4899,200150,80193,98056,3.6,377
513322,泸定县,513322,四川,甘孜藏族自治州,417.87,90776.1,0.0289,0.4812,0.4899,283680,136509,138971,24.35,1933
513323,丹巴县,513323,四川,甘孜藏族自治州,475.42,65032.0,0.0917,0.4393,0.469,428354,188174,200895,42.81,1848
513324,九龙县,513324,四川,甘孜藏族自治州,239.9,58842.4,0.1062,0.3691,0.5247,262757,96986,137872,18.73,1301
513325,雅江县,513325,四川,甘孜藏族自治州,71.51,22000.0,0.2107,0.3822,0.4071,208713,79768,84964,6.6,264
513326,道孚县,513326,四川,甘孜藏族自治州,65.63,26228.7,0.2194,0.353,0.4277,163174,57594,69781,5.59,206
513327,炉霍县,513327,四川,甘孜藏族自治州,531.73,100649.2,0.2907,0.3467,0.3626,315159,109279,114274,37.3,2640
513328,甘孜县,513328,四川,甘孜藏族自治州,479.42,75484.6,0.2406,0.3363,0.4231,394128,132544,166750,39.08,1635
513329,新龙县,513329,四川,甘孜藏族自治州,251.06,65813.7,0.0713,0.4208,0.5079,224790,94591,114163,19.13,982
513330,德格县,513330,四川,甘孜藏族自治州,287.49,78701.0,0.1704,0.4317,0.3979,220927,95373,87903,20.11,916
513331,白玉县,513331,四川,甘孜藏族自治州,158.03,31021.8,0.0408,0.4989,0.4603,334283,166770,153881,10.56,670
513332,石渠县,513332,四川,甘孜藏族自治州,85.75,22000.0,0.1351,0.4654,0.3995,248794,115799,99383,6.06,323
513333,色达县,513333,四川,甘孜藏族自治州,443.19,79940.8,0.2167,0.3205,0.4628,344630,110446,159502,32.12,1619
513334,理塘县,513334,四川,甘孜藏族自治州,282.09,63554.5,0.1555,0.3567,0.4879,273702,97617,133528,24.08,1124
513335,巴塘县,513335,四川,甘孜藏族自治州,235.0,63943.4,0.2343,0.3639,0.4018,233579,85009,93844,12.74,966
513336,乡城县,513336,四川,甘孜藏族自治州,404.55,66536.4,0.0299,0.4148,0.5553,378673,157064,210281,34.45,2204
513337,稻城县,513337,四川,甘孜藏族自治州,292.81,93155.2,0.2157,0.2957,0.4885,184928,54690,90341,22.3,1058
513338,得荣县,513338,四川,甘孜藏族自治州,367.71,65588.1,0.1847,0.4139,0.4014,329702,136477,132341,33.58,1831
513401,西昌市,513401,四川,凉山彝族自治州,124.57,52880.3,0.1642,0.3181,0.5177,146035,46456,75602,8.28,472
513402,会理市,513425,四川,凉山彝族自治州,100.9,34048.4,0.0287,0.4869,0.4844,174869,85141,84707,7.67,515
513422,木里藏族自治县,513422,四川,凉山彝族自治州,121.19,22000.0,0.3348,0.3217,0.3435,341976,110018,117465,6.7,342
513423,盐源县,513423,四川,凉山彝族自治州,149.73,22000.0,0.2938,0.3822,0.3241,441529,168734,143084,9.75,652
513424,德昌县,513424,四川,凉山彝族自治州,345.16,84911.2,0.1198,0.3109,0.5694,253834,78908,144520,31.98,1875
513426,会东县,513426,四川,凉山彝族自治州,152.91,51229.7,0.0624,0.4428,0.4948,175397,77661,86789,11.03,783
513427,宁南县,513427,四川,凉山彝族自治州,220.39,40383.8,0.1936,0.394,0.4124,321085,126519,132405,14.97,675
513428,普格县,513428,四川,凉山彝族自治州,772.47,105072.9,0.0294,0.4121,0.5585,476451,196353,266079,53.47,3663
513429,布拖县,513429,四川,凉山彝族自治州,100.07,26467.5,0.0656,0.4652,0.4692,249056,115860,116862,8.39,540
513430,金阳县,513430,四川,凉山彝族自治州,457.32,66797.5,0.0687,0.4664,0.4649,417385,194687,194041,39.75,1395
513431,昭觉县,513431,四川,凉山彝族自治州,170.7,31337.3,0.1353,0.4066,0.4581,320738,130418,146934,11.04,671
513432,喜德县,513432,四川,凉山彝族自治州,306.51,90868.3,0.0943,0.3639,0.5417,196171,71390,106272,21.85,989
513433,冕宁县,513433,四川,凉山彝族自治州,567.48,75668.7,0.2015,0.3299,0.4687,455203,150151,213333,53.13,2511
513434,越西县,513434,四川,凉山彝族自治州,90.19,22000.0,0.0755,0.4335,0.491,253830,110029,124626,8.24,451
513435,甘洛县,513435,四川,凉山彝族自治州,97.09,27233.3,0.1004,0.3681,0.5315,231835,85335,123222,8.47,263
513436,美姑县,513436,四川,凉山彝族自治州,273.93,61186.0,0.2121,0.3378,0.4501,278518,94091,125360,21.89,1200
513437,雷波县,513437,四川,凉山彝族自治州,97.35,47213.7,0.4067,0.2656,0.3276,127741,33933,41851,8.46,253
