county_code,county_name,county_code_2020census,name_2020census,province_code,province,prefecture,change_type,change_note
330122,桐庐县,330122,桐庐县,33,浙江,杭州市,无变动,代码与名称与2020普查保持一致
330127,淳安县,330127,淳安县,33,浙江,杭州市,无变动,代码与名称与2020普查保持一致
330182,建德市,330182,建德市,33,浙江,杭州市,无变动,代码与名称与2020普查保持一致
330225,象山县,330225,象山县,33,浙江,宁波市,无变动,代码与名称与2020普查保持一致
330226,宁海县,330226,宁海县,33,浙江,宁波市,无变动,代码与名称与2020普查保持一致
330281,余姚市,330281,余姚市,33,浙江,宁波市,无变动,代码与名称与2020普查保持一致
330282,慈溪市,330282,慈溪市,33,浙江,宁波市,无变动,代码与名称与2020普查保持一致
330324,永嘉县,330324,永嘉县,33,浙江,温州市,无变动,代码与名称与2020普查保持一致
330326,平阳县,330326,平阳县,33,浙江,温州市,无变动,代码与名称与2020普查保持一致
330327,苍南县,330327,苍南县,33,浙江,温州市,无变动,代码与名称与2020普查保持一致
330328,文成县,330328,文成县,33,浙江,温州市,无变动,代码与名称与2020普查保持一致
330329,泰顺县,330329,泰顺县,33,浙江,温州市,无变动,代码与名称与2020普查保持一致
330381,瑞安市,330381,瑞安市,33,浙江,温州市,无变动,代码与名称与2020普查保持一致
330382,乐清市,330382,乐清市,33,浙江,温州市,无变动,代码与名称与2020普查保持一致
330383,龙港市,330383,龙港市,33,浙江,温州市,无变动,代码与名称与2020普查保持一致
330421,嘉善县,330421,嘉善县,33,浙江,嘉兴市,无变动,代码与名称与2020普查保持一致
330424,海盐县,330424,海盐县,33,浙江,嘉兴市,无变动,代码与名称与2020普查保持一致
330481,海宁市,330481,海宁市,33,浙江,嘉兴市,无变动,代码与名称与2020普查保持一致
330482,平湖市,330482,平湖市,33,浙江,嘉兴市,无变动,代码与名称与2020普查保持一致
330483,桐乡市,330483,桐乡市,33,浙江,嘉兴市,无变动,代码与名称与2020普查保持一致
330521,德清县,330521,德清县,33,浙江,湖州市,无变动,代码与名称与2020普查保持一致
330522,长兴县,330522,长兴县,33,浙江,湖州市,无变动,代码与名称与2020普查保持一致
330523,安吉县,330523,安吉县,33,浙江,湖州市,无变动,代码与名称与2020普查保持一致
330624,新昌县,330624,新昌县,33,浙江,绍兴市,无变动,代码与名称与2020普查保持一致
330681,诸暨市,330681,诸暨市,33,浙江,绍兴市,无变动,代码与名称与2020普查保持一致
330683,嵊州市,330683,嵊州市,33,浙江,绍兴市,无变动,代码与名称与2020普查保持一致
330723,武义县,330723,武义县,33,浙江,金华市,无变动,代码与名称与2020普查保持一致
330726,浦江县,330726,浦江县,33,浙江,金华市,无变动,代码与名称与2020普查保持一致
330727,磐安县,330727,磐安县,33,浙江,金华市,无变动,代码与名称与2020普查保持一致
330781,兰溪市,330781,兰溪市,33,浙江,金华市,无变动,代码与名称与2020普查保持一致
330782,义乌市,330782,义乌市,33,浙江,金华市,无变动,代码与名称与2020普查保持一致
330783,东阳市,330783,东阳市,33,浙江,金华市,无变动,代码与名称与2020普查保持一致
330784,永康市,330784,永康市,33,浙江,金华市,无变动,代码与名称与2020普查保持一致
330822,常山县,330822,常山县,33,浙江,衢州市,无变动,代码与名称与2020普查保持一致
330824,开化县,330824,开化县,33,浙江,衢州市,无变动,代码与名称与2020普查保持一致
330825,龙游县,330825,龙游县,33,浙江,衢州市,无变动,代码与名称与2020普查保持一致
330881,江山市,330881,江山市,33,浙江,衢州市,无变动,代码与名称与2020普查保持一致
330921,岱山县,330921,岱山县,33,浙江,舟山市,无变动,代码与名称与2020普查保持一致
330922,嵊泗县,330922,嵊泗县,33,浙江,舟山市,无变动,代码与名称与2020普查保持一致
331022,三门县,331022,三门县,33,浙江,台州市,无变动,代码与名称与2020普查保持一致
331023,天台县,331023,天台县,33,浙江,台州市,无变动,代码与名称与2020普查保持一致
331024,仙居县,331024,仙居县,33,浙江,台州市,无变动,代码与名称与2020普查保持一致
331081,温岭市,331081,温岭市,33,浙江,台州市,无变动,代码与名称与2020普查保持一致
331082,临海市,331082,临海市,33,浙江,台州市,无变动,代码与名称与2020普查保持一致
331083,玉环市,331083,玉环市,33,浙江,台州市,无变动,代码与名称与2020普查保持一致
331121,青田县,331121,青田县,33,浙江,丽水市,无变动,代码与名称与2020普查保持一致
331122,缙云县,331122,缙云县,33,浙江,丽水市,无变动,代码与名称与2020普查保持一致
331123,遂昌县,331123,遂昌县,33,浙江,丽水市,无变动,代码与名称与2020普查保持一致
331124,松阳县,331124,松阳县,33,浙江,丽水市,无变动,代码与名称与2020普查保持一致
331125,云和县,331125,云和县,33,浙江,丽水市,无变动,代码与名称与2020普查保持一致
331126,庆元县,331126,庆元县,33,浙江,丽水市,无变动,代码与名称与2020普查保持一致
331127,景宁畲族自治县,331127,景宁畲族自治县,33,浙江,丽水市,无变动,代码与名称与2020普查保持一致
331181,龙泉市,331181,龙泉市,33,浙江,丽水市,无变动,代码与名称与2020普查保持一致
350121,闽侯县,350121,闽侯县,35,福建,福州市,无变动,代码与名称与2020普查保持一致
350122,连江县,350122,连江县,35,福建,福州市,无变动,代码与名称与2020普查保持一致
350123,罗源县,350123,罗源县,35,福建,福州市,无变动,代码与名称与2020普查保持一致
350124,闽清县,350124,闽清县,35,福建,福州市,无变动,代码与名称与2020普查保持一致
350125,永泰县,350125,永泰县,35,福建,福州市,无变动,代码与名称与2020普查保持一致
350128,平潭县,350128,平潭县,35,福建,福州市,无变动,代码与名称与2020普查保持一致
350181,福清市,350181,福清市,35,福建,福州市,无变动,代码与名称与2020普查保持一致
350322,仙游县,350322,仙游县,35,福建,莆田市,无变动,代码与名称与2020普查保持一致
350405,沙县区,350427,沙县,35,福建,三明市,撤县设区,2021年2月国务院批复撤销沙县，设立三明市沙县区
350421,明溪县,350421,明溪县,35,福建,三明市,无变动,代码与名称与2020普查保持一致
350423,清流县,350423,清流县,35,福建,三明市,无变动,代码与名称与2020普查保持一致
350424,宁化县,350424,宁化县,35,福建,三明市,无变动,代码与名称与2020普查保持一致
350425,大田县,350425,大田县,35,福建,三明市,无变动,代码与名称与2020普查保持一致
350426,尤溪县,350426,尤溪县,35,福建,三明市,无变动,代码与名称与2020普查保持一致
350428,将乐县,350428,将乐县,35,福建,三明市,无变动,代码与名称与2020普查保持一致
350429,泰宁县,350429,泰宁县,35,福建,三明市,无变动,代码与名称与2020普查保持一致
350430,建宁县,350430,建宁县,35,福建,三明市,无变动,代码与名称与2020普查保持一致
350481,永安市,350481,永安市,35,福建,三明市,无变动,代码与名称与2020普查保持一致
350521,惠安县,350521,惠安县,35,福建,泉州市,无变动,代码与名称与2020普查保持一致
350524,安溪县,350524,安溪县,35,福建,泉州市,无变动,代码与名称与2020普查保持一致
350525,永春县,350525,永春县,35,福建,泉州市,无变动,代码与名称与2020普查保持一致
350526,德化县,350526,德化县,35,福建,泉州市,无变动,代码与名称与2020普查保持一致
350527,金门县,350527,金门县,35,福建,泉州市,无变动,代码与名称与2020普查保持一致
350581,石狮市,350581,石狮市,35,福建,泉州市,无变动,代码与名称与2020普查保持一致
350582,晋江市,350582,晋江市,35,福建,泉州市,无变动,代码与名称与2020普查保持一致
350583,南安市,350583,南安市,35,福建,泉州市,无变动,代码与名称与2020普查保持一致
350622,云霄县,350622,云霄县,35,福建,漳州市,无变动,代码与名称与2020普查保持一致
350623,漳浦县,350623,漳浦县,35,福建,漳州市,无变动,代码与名称与2020普查保持一致
350624,诏安县,350624,诏安县,35,福建,漳州市,无变动,代码与名称与2020普查保持一致
350626,东山县,350626,东山县,35,福建,漳州市,无变动,代码与名称与2020普查保持一致
350627,南靖县,350627,南靖县,35,福建,漳州市,无变动,代码与名称与2020普查保持一致
350628,平和县,350628,平和县,35,福建,漳州市,无变动,代码与名称与2020普查保持一致
350629,华安县,350629,华安县,35,福建,漳州市,无变动,代码与名称与2020普查保持一致
350721,顺昌县,350721,顺昌县,35,福建,南平市,无变动,代码与名称与2020普查保持一致
350722,浦城县,350722,浦城县,35,福建,南平市,无变动,代码与名称与2020普查保持一致
350723,光泽县,350723,光泽县,35,福建,南平市,无变动,代码与名称与2020普查保持一致
350724,松溪县,350724,松溪县,35,福建,南平市,无变动,代码与名称与2020普查保持一致
350725,政和县,350725,政和县,35,福建,南平市,无变动,代码与名称与2020普查保持一致
350781,邵武市,350781,邵武市,35,福建,南平市,无变动,代码与名称与2020普查保持一致
350782,武夷山市,350782,武夷山市,35,福建,南平市,无变动,代码与名称与2020普查保持一致
350783,建瓯市,350783,建瓯市,35,福建,南平市,无变动,代码与名称与2020普查保持一致
350821,长汀县,350821,长汀县,35,福建,龙岩市,无变动,代码与名称与2020普查保持一致
350823,上杭县,350823,上杭县,35,福建,龙岩市,无变动,代码与名称与2020普查保持一致
350824,武平县,350824,武平县,35,福建,龙岩市,无变动,代码与名称与2020普查保持一致
350825,连城县,350825,连城县,35,福建,龙岩市,无变动,代码与名称与2020普查保持一致
350881,漳平市,350881,漳平市,35,福建,龙岩市,无变动,代码与名称与2020普查保持一致
350921,霞浦县,350921,霞浦县,35,福建,宁德市,无变动,代码与名称与2020普查保持一致
350922,古田县,350922,古田县,35,福建,宁德市,无变动,代码与名称与2020普查保持一致
350923,屏南县,350923,屏南县,35,福建,宁德市,无变动,代码与名称与2020普查保持一致
350924,寿宁县,350924,寿宁县,35,福建,宁德市,无变动,代码与名称与2020普查保持一致
350925,周宁县,350925,周宁县,35,福建,宁德市,无变动,代码与名称与2020普查保持一致
350926,柘荣县,350926,柘荣县,35,福建,宁德市,无变动,代码与名称与2020普查保持一致
350981,福安市,350981,福安市,35,福建,宁德市,无变动,代码与名称与2020普查保持一致
350982,福鼎市,350982,福鼎市,35,福建,宁德市,无变动,代码与名称与2020普查保持一致
360121,南昌县,360121,南昌县,36,江西,南昌市,无变动,代码与名称与2020普查保持一致
360123,安义县,360123,安义县,36,江西,南昌市,无变动,代码与名称与2020普查保持一致
360124,进贤县,360124,进贤县,36,江西,南昌市,无变动,代码与名称与2020普查保持一致
360222,浮梁县,360222,浮梁县,36,江西,景德镇市,无变动,代码与名称与2020普查保持一致
360281,乐平市,360281,乐平市,36,江西,景德镇市,无变动,代码与名称与2020普查保持一致
360321,莲花县,360321,莲花县,36,江西,萍乡市,无变动,代码与名称与2020普查保持一致
360322,上栗县,360322,上栗县,36,江西,萍乡市,无变动,代码与名称与2020普查保持一致
360323,芦溪县,360323,芦溪县,36,江西,萍乡市,无变动,代码与名称与2020普查保持一致
360423,武宁县,360423,武宁县,36,江西,九江市,无变动,代码与名称与2020普查保持一致
360424,修水县,360424,修水县,36,江西,九江市,无变动,代码与名称与2020普查保持一致
360425,永修县,360425,永修县,36,江西,九江市,无变动,代码与名称与2020普查保持一致
360426,德安县,360426,德安县,36,江西,九江市,无变动,代码与名称与2020普查保持一致
360428,都昌县,360428,都昌县,36,江西,九江市,无变动,代码与名称与2020普查保持一致
360429,湖口县,360429,湖口县,36,江西,九江市,无变动,代码与名称与2020普查保持一致
360430,彭泽县,360430,彭泽县,36,江西,九江市,无变动,代码与名称与2020普查保持一致
360481,瑞昌市,360481,瑞昌市,36,江西,九江市,无变动,代码与名称与2020普查保持一致
360482,共青城市,360482,共青城市,36,江西,九江市,无变动,代码与名称与2020普查保持一致
360483,庐山市,360483,庐山市,36,江西,九江市,无变动,代码与名称与2020普查保持一致
360521,分宜县,360521,分宜县,36,江西,新余市,无变动,代码与名称与2020普查保持一致
360681,贵溪市,360681,贵溪市,36,江西,鹰潭市,无变动,代码与名称与2020普查保持一致
360722,信丰县,360722,信丰县,36,江西,赣州市,无变动,代码与名称与2020普查保持一致
360723,大余县,360723,大余县,36,江西,赣州市,无变动,代码与名称与2020普查保持一致
360724,上犹县,360724,上犹县,36,江西,赣州市,无变动,代码与名称与2020普查保持一致
360725,崇义县,360725,崇义县,36,江西,赣州市,无变动,代码与名称与2020普查保持一致
360726,安远县,360726,安远县,36,江西,赣州市,无变动,代码与名称与2020普查保持一致
360728,定南县,360728,定南县,36,江西,赣州市,无变动,代码与名称与2020普查保持一致
360729,全南县,360729,全南县,36,江西,赣州市,无变动,代码与名称与2020普查保持一致
360730,宁都县,360730,宁都县,36,江西,赣州市,无变动,代码与名称与2020普查保持一致
360731,于都县,360731,于都县,36,江西,赣州市,无变动,代码与名称与2020普查保持一致
360732,兴国县,360732,兴国县,36,江西,赣州市,无变动,代码与名称与2020普查保持一致
360733,会昌县,360733,会昌县,36,江西,赣州市,无变动,代码与名称与2020普查保持一致
360734,寻乌县,360734,寻乌县,36,江西,赣州市,无变动,代码与名称与2020普查保持一致
360735,石城县,360735,石城县,36,江西,赣州市,无变动,代码与名称与2020普查保持一致
360781,瑞金市,360781,瑞金市,36,江西,赣州市,无变动,代码与名称与2020普查保持一致
360783,龙南市,360727,龙南县,36,江西,赣州市,撤县设市,2020年6月民政部批复撤销龙南县，设立县级龙南市
360821,吉安县,360821,吉安县,36,江西,吉安市,无变动,代码与名称与2020普查保持一致
360822,吉水县,360822,吉水县,36,江西,吉安市,无变动,代码与名称与2020普查保持一致
360823,峡江县,360823,峡江县,36,江西,吉安市,无变动,代码与名称与2020普查保持一致
360824,新干县,360824,新干县,36,江西,吉安市,无变动,代码与名称与2020普查保持一致
360825,永丰县,360825,永丰县,36,江西,吉安市,无变动,代码与名称与2020普查保持一致
360826,泰和县,360826,泰和县,36,江西,吉安市,无变动,代码与名称与2020普查保持一致
360827,遂川县,360827,遂川县,36,江西,吉安市,无变动,代码与名称与2020普查保持一致
360828,万安县,360828,万安县,36,江西,吉安市,无变动,代码与名称与2020普查保持一致
360829,安福县,360829,安福县,36,江西,吉安市,无变动,代码与名称与2020普查保持一致
360830,永新县,360830,永新县,36,江西,吉安市,无变动,代码与名称与2020普查保持一致
360881,井冈山市,360881,井冈山市,36,江西,吉安市,无变动,代码与名称与2020普查保持一致
360921,奉新县,360921,奉新县,36,江西,宜春市,无变动,代码与名称与2020普查保持一致
360922,万载县,360922,万载县,36,江西,宜春市,无变动,代码与名称与2020普查保持一致
360923,上高县,360923,上高县,36,江西,宜春市,无变动,代码与名称与2020普查保持一致
360924,宜丰县,360924,宜丰县,36,江西,宜春市,无变动,代码与名称与2020普查保持一致
360925,靖安县,360925,靖安县,36,江西,宜春市,无变动,代码与名称与2020普查保持一致
360926,铜鼓县,360926,铜鼓县,36,江西,宜春市,无变动,代码与名称与2020普查保持一致
360981,丰城市,360981,丰城市,36,江西,宜春市,无变动,代码与名称与2020普查保持一致
360982,樟树市,360982,樟树市,36,江西,宜春市,无变动,代码与名称与2020普查保持一致
360983,高安市,360983,高安市,36,江西,宜春市,无变动,代码与名称与2020普查保持一致
361021,南城县,361021,南城县,36,江西,抚州市,无变动,代码与名称与2020普查保持一致
361022,黎川县,361022,黎川县,36,江西,抚州市,无变动,代码与名称与2020普查保持一致
361023,南丰县,361023,南丰县,36,江西,抚州市,无变动,代码与名称与2020普查保持一致
361024,崇仁县,361024,崇仁县,36,江西,抚州市,无变动,代码与名称与2020普查保持一致
361025,乐安县,361025,乐安县,36,江西,抚州市,无变动,代码与名称与2020普查保持一致
361026,宜黄县,361026,宜黄县,36,江西,抚州市,无变动,代码与名称与2020普查保持一致
361027,金溪县,361027,金溪县,36,江西,抚州市,无变动,代码与名称与2020普查保持一致
361028,资溪县,361028,资溪县,36,江西,抚州市,无变动,代码与名称与2020普查保持一致
361030,广昌县,361030,广昌县,36,江西,抚州市,无变动,代码与名称与2020普查保持一致
361123,玉山县,361123,玉山县,36,江西,上饶市,无变动,代码与名称与2020普查保持一致
361124,铅山县,361124,铅山县,36,江西,上饶市,无变动,代码与名称与2020普查保持一致
361125,横峰县,361125,横峰县,36,江西,上饶市,无变动,代码与名称与2020普查保持一致
361126,弋阳县,361126,弋阳县,36,江西,上饶市,无变动,代码与名称与2020普查保持一致
361127,余干县,361127,余干县,36,江西,上饶市,无变动,代码与名称与2020普查保持一致
361128,鄱阳县,361128,鄱阳县,36,江西,上饶市,无变动,代码与名称与2020普查保持一致
361129,万年县,361129,万年县,36,江西,上饶市,无变动,代码与名称与2020普查保持一致
361130,婺源县,361130,婺源县,36,江西,上饶市,无变动,代码与名称与2020普查保持一致
361181,德兴市,361181,德兴市,36,江西,上饶市,无变动,代码与名称与2020普查保持一致
410122,中牟县,410122,中牟县,41,河南,郑州市,无变动,代码与名称与2020普查保持一致
410181,巩义市,410181,巩义市,41,河南,郑州市,无变动,代码与名称与2020普查保持一致
410182,荥阳市,410182,荥阳市,41,河南,郑州市,无变动,代码与名称与2020普查保持一致
410183,新密市,410183,新密市,41,河南,郑州市,无变动,代码与名称与2020普查保持一致
410184,新郑市,410184,新郑市,41,河南,郑州市,无变动,代码与名称与2020普查保持一致
410185,登封市,410185,登封市,41,河南,郑州市,无变动,代码与名称与2020普查保持一致
410221,杞县,410221,杞县,41,河南,开封市,无变动,代码与名称与2020普查保持一致
410222,通许县,410222,通许县,41,河南,开封市,无变动,代码与名称与2020普查保持一致
410223,尉氏县,410223,尉氏县,41,河南,开封市,无变动,代码与名称与2020普查保持一致
410225,兰考县,410225,兰考县,41,河南,开封市,无变动,代码与名称与2020普查保持一致
410307,偃师区,410381,偃师市,41,河南,洛阳市,撤市设区,2021年3月洛阳市行政区划调整，偃师撤市设区
410308,孟津区,410322,孟津县,41,河南,洛阳市,撤县设区,2021年3月洛阳市行政区划调整，孟津撤县设区
410323,新安县,410323,新安县,41,河南,洛阳市,无变动,代码与名称与2020普查保持一致
410324,栾川县,410324,栾川县,41,河南,洛阳市,无变动,代码与名称与2020普查保持一致
410325,嵩县,410325,嵩县,41,河南,洛阳市,无变动,代码与名称与2020普查保持一致
410326,汝阳县,410326,汝阳县,41,河南,洛阳市,无变动,代码与名称与2020普查保持一致
410327,宜阳县,410327,宜阳县,41,河南,洛阳市,无变动,代码与名称与2020普查保持一致
410328,洛宁县,410328,洛宁县,41,河南,洛阳市,无变动,代码与名称与2020普查保持一致
410329,伊川县,410329,伊川县,41,河南,洛阳市,无变动,代码与名称与2020普查保持一致
410421,宝丰县,410421,宝丰县,41,河南,平顶山市,无变动,代码与名称与2020普查保持一致
410422,叶县,410422,叶县,41,河南,平顶山市,无变动,代码与名称与2020普查保持一致
410423,鲁山县,410423,鲁山县,41,河南,平顶山市,无变动,代码与名称与2020普查保持一致
410425,郏县,410425,郏县,41,河南,平顶山市,无变动,代码与名称与2020普查保持一致
410481,舞钢市,410481,舞钢市,41,河南,平顶山市,无变动,代码与名称与2020普查保持一致
410482,汝州市,410482,汝州市,41,河南,平顶山市,无变动,代码与名称与2020普查保持一致
410522,安阳县,410522,安阳县,41,河南,安阳市,无变动,代码与名称与2020普查保持一致
410523,汤阴县,410523,汤阴县,41,河南,安阳市,无变动,代码与名称与2020普查保持一致
410526,滑县,410526,滑县,41,河南,安阳市,无变动,代码与名称与2020普查保持一致
410527,内黄县,410527,内黄县,41,河南,安阳市,无变动,代码与名称与2020普查保持一致
410581,林州市,410581,林州市,41,河南,安阳市,无变动,代码与名称与2020普查保持一致
410621,浚县,410621,浚县,41,河南,鹤壁市,无变动,代码与名称与2020普查保持一致
410622,淇县,410622,淇县,41,河南,鹤壁市,无变动,代码与名称与2020普查保持一致
410721,新乡县,410721,新乡县,41,河南,新乡市,无变动,代码与名称与2020普查保持一致
410724,获嘉县,410724,获嘉县,41,河南,新乡市,无变动,代码与名称与2020普查保持一致
410725,原阳县,410725,原阳县,41,河南,新乡市,无变动,代码与名称与2020普查保持一致
410726,延津县,410726,延津县,41,河南,新乡市,无变动,代码与名称与2020普查保持一致
410727,封丘县,410727,封丘县,41,河南,新乡市,无变动,代码与名称与2020普查保持一致
410781,卫辉市,410781,卫辉市,41,河南,新乡市,无变动,代码与名称与2020普查保持一致
410782,辉县市,410782,辉县市,41,河南,新乡市,无变动,代码与名称与2020普查保持一致
410783,长垣市,410783,长垣市,41,河南,新乡市,无变动,代码与名称与2020普查保持一致
410821,修武县,410821,修武县,41,河南,焦作市,无变动,代码与名称与2020普查保持一致
410822,博爱县,410822,博爱县,41,河南,焦作市,无变动,代码与名称与2020普查保持一致
410823,武陟县,410823,武陟县,41,河南,焦作市,无变动,代码与名称与2020普查保持一致
410825,温县,410825,温县,41,河南,焦作市,无变动,代码与名称与2020普查保持一致
410882,沁阳市,410882,沁阳市,41,河南,焦作市,无变动,代码与名称与2020普查保持一致
410883,孟州市,410883,孟州市,41,河南,焦作市,无变动,代码与名称与2020普查保持一致
410922,清丰县,410922,清丰县,41,河南,濮阳市,无变动,代码与名称与2020普查保持一致
410923,南乐县,410923,南乐县,41,河南,濮阳市,无变动,代码与名称与2020普查保持一致
410926,范县,410926,范县,41,河南,濮阳市,无变动,代码与名称与2020普查保持一致
410927,台前县,410927,台前县,41,河南,濮阳市,无变动,代码与名称与2020普查保持一致
410928,濮阳县,410928,濮阳县,41,河南,濮阳市,无变动,代码与名称与2020普查保持一致
411024,鄢陵县,411024,鄢陵县,41,河南,许昌市,无变动,代码与名称与2020普查保持一致
411025,襄城县,411025,襄城县,41,河南,许昌市,无变动,代码与名称与2020普查保持一致
411081,禹州市,411081,禹州市,41,河南,许昌市,无变动,代码与名称与2020普查保持一致
411082,长葛市,411082,长葛市,41,河南,许昌市,无变动,代码与名称与2020普查保持一致
411121,舞阳县,411121,舞阳县,41,河南,漯河市,无变动,代码与名称与2020普查保持一致
411122,临颍县,411122,临颍县,41,河南,漯河市,无变动,代码与名称与2020普查保持一致
411221,渑池县,411221,渑池县,41,河南,三门峡市,无变动,代码与名称与2020普查保持一致
411224,卢氏县,411224,卢氏县,41,河南,三门峡市,无变动,代码与名称与2020普查保持一致
411281,义马市,411281,义马市,41,河南,三门峡市,无变动,代码与名称与2020普查保持一致
411282,灵宝市,411282,灵宝市,41,河南,三门峡市,无变动,代码与名称与2020普查保持一致
411321,南召县,411321,南召县,41,河南,南阳市,无变动,代码与名称与2020普查保持一致
411322,方城县,411322,方城县,41,河南,南阳市,无变动,代码与名称与2020普查保持一致
411323,西峡县,411323,西峡县,41,河南,南阳市,无变动,代码与名称与2020普查保持一致
411324,镇平县,411324,镇平县,41,河南,南阳市,无变动,代码与名称与2020普查保持一致
411325,内乡县,411325,内乡县,41,河南,南阳市,无变动,代码与名称与2020普查保持一致
411326,淅川县,411326,淅川县,41,河南,南阳市,无变动,代码与名称与2020普查保持一致
411327,社旗县,411327,社旗县,41,河南,南阳市,无变动,代码与名称与2020普查保持一致
411328,唐河县,411328,唐河县,41,河南,南阳市,无变动,代码与名称与2020普查保持一致
411329,新野县,411329,新野县,41,河南,南阳市,无变动,代码与名称与2020普查保持一致
411330,桐柏县,411330,桐柏县,41,河南,南阳市,无变动,代码与名称与2020普查保持一致
411381,邓州市,411381,邓州市,41,河南,南阳市,无变动,代码与名称与2020普查保持一致
411421,民权县,411421,民权县,41,河南,商丘市,无变动,代码与名称与2020普查保持一致
411422,睢县,411422,睢县,41,河南,商丘市,无变动,代码与名称与2020普查保持一致
411423,宁陵县,411423,宁陵县,41,河南,商丘市,无变动,代码与名称与2020普查保持一致
411424,柘城县,411424,柘城县,41,河南,商丘市,无变动,代码与名称与2020普查保持一致
411425,虞城县,411425,虞城县,41,河南,商丘市,无变动,代码与名称与2020普查保持一致
411426,夏邑县,411426,夏邑县,41,河南,商丘市,无变动,代码与名称与2020普查保持一致
411481,永城市,411481,永城市,41,河南,商丘市,无变动,代码与名称与2020普查保持一致
411521,罗山县,411521,罗山县,41,河南,信阳市,无变动,代码与名称与2020普查保持一致
411522,光山县,411522,光山县,41,河南,信阳市,无变动,代码与名称与2020普查保持一致
411523,新县,411523,新县,41,河南,信阳市,无变动,代码与名称与2020普查保持一致
411524,商城县,411524,商城县,41,河南,信阳市,无变动,代码与名称与2020普查保持一致
411525,固始县,411525,固始县,41,河南,信阳市,无变动,代码与名称与2020普查保持一致
411526,潢川县,411526,潢川县,41,河南,信阳市,无变动,代码与名称与2020普查保持一致
411527,淮滨县,411527,淮滨县,41,河南,信阳市,无变动,代码与名称与2020普查保持一致
411528,息县,411528,息县,41,河南,信阳市,无变动,代码与名称与2020普查保持一致
411621,扶沟县,411621,扶沟县,41,河南,周口市,无变动,代码与名称与2020普查保持一致
411622,西华县,411622,西华县,41,河南,周口市,无变动,代码与名称与2020普查保持一致
411623,商水县,411623,商水县,41,河南,周口市,无变动,代码与名称与2020普查保持一致
411624,沈丘县,411624,沈丘县,41,河南,周口市,无变动,代码与名称与2020普查保持一致
411625,郸城县,411625,郸城县,41,河南,周口市,无变动,代码与名称与2020普查保持一致
411627,太康县,411627,太康县,41,河南,周口市,无变动,代码与名称与2020普查保持一致
411628,鹿邑县,411628,鹿邑县,41,河南,周口市,无变动,代码与名称与2020普查保持一致
411681,项城市,411681,项城市,41,河南,周口市,无变动,代码与名称与2020普查保持一致
411721,西平县,411721,西平县,41,河南,驻马店市,无变动,代码与名称与2020普查保持一致
411722,上蔡县,411722,上蔡县,41,河南,驻马店市,无变动,代码与名称与2020普查保持一致
411723,平舆县,411723,平舆县,41,河南,驻马店市,无变动,代码与名称与2020普查保持一致
411724,正阳县,411724,正阳县,41,河南,驻马店市,无变动,代码与名称与2020普查保持一致
411725,确山县,411725,确山县,41,河南,驻马店市,无变动,代码与名称与2020普查保持一致
411726,泌阳县,411726,泌阳县,41,河南,驻马店市,无变动,代码与名称与2020普查保持一致
411727,汝南县,411727,汝南县,41,河南,驻马店市,无变动,代码与名称与2020普查保持一致
411728,遂平县,411728,遂平县,41,河南,驻马店市,无变动,代码与名称与2020普查保持一致
411729,新蔡县,411729,新蔡县,41,河南,驻马店市,无变动,代码与名称与2020普查保持一致
419001,济源市,419001,济源市,41,河南,省直辖县级行政区划,无变动,代码与名称与2020普查保持一致
510121,金堂县,510121,金堂县,51,四川,成都市,无变动,代码与名称与2020普查保持一致
510129,大邑县,510129,大邑县,51,四川,成都市,无变动,代码与名称与2020普查保持一致
510131,蒲江县,510131,蒲江县,51,四川,成都市,无变动,代码与名称与2020普查保持一致
510181,都江堰市,510181,都江堰市,51,四川,成都市,无变动,代码与名称与2020普查保持一致
510182,彭州市,510182,彭州市,51,四川,成都市,无变动,代码与名称与2020普查保持一致
510183,邛崃市,510183,邛崃市,51,四川,成都市,无变动,代码与名称与2020普查保持一致
510184,崇州市,510184,崇州市,51,四川,成都市,无变动,代码与名称与2020普查保持一致
510185,简阳市,510185,简阳市,51,四川,成都市,无变动,代码与名称与2020普查保持一致
510321,荣县,510321,荣县,51,四川,自贡市,无变动,代码与名称与2020普查保持一致
510322,富顺县,510322,富顺县,51,四川,自贡市,无变动,代码与名称与2020普查保持一致
510421,米易县,510421,米易县,51,四川,攀枝花市,无变动,代码与名称与2020普查保持一致
510422,盐边县,510422,盐边县,51,四川,攀枝花市,无变动,代码与名称与2020普查保持一致
510521,泸县,510521,泸县,51,四川,泸州市,无变动,代码与名称与2020普查保持一致
510522,合江县,510522,合江县,51,四川,泸州市,无变动,代码与名称与2020普查保持一致
510524,叙永县,510524,叙永县,51,四川,泸州市,无变动,代码与名称与2020普查保持一致
510525,古蔺县,510525,古蔺县,51,四川,泸州市,无变动,代码与名称与2020普查保持一致
510623,中江县,510623,中江县,51,四川,德阳市,无变动,代码与名称与2020普查保持一致
510681,广汉市,510681,广汉市,51,四川,德阳市,无变动,代码与名称与2020普查保持一致
510682,什邡市,510682,什邡市,51,四川,德阳市,无变动,代码与名称与2020普查保持一致
510683,绵竹市,510683,绵竹市,51,四川,德阳市,无变动,代码与名称与2020普查保持一致
510722,三台县,510722,三台县,51,四川,绵阳市,无变动,代码与名称与2020普查保持一致
510723,盐亭县,510723,盐亭县,51,四川,绵阳市,无变动,代码与名称与2020普查保持一致
510725,梓潼县,510725,梓潼县,51,四川,绵阳市,无变动,代码与名称与2020普查保持一致
510726,北川羌族自治县,510726,北川羌族自治县,51,四川,绵阳市,无变动,代码与名称与2020普查保持一致
510727,平武县,510727,平武县,51,四川,绵阳市,无变动,代码与名称与2020普查保持一致
510781,江油市,510781,江油市,51,四川,绵阳市,无变动,代码与名称与2020普查保持一致
510821,旺苍县,510821,旺苍县,51,四川,广元市,无变动,代码与名称与2020普查保持一致
510822,青川县,510822,青川县,51,四川,广元市,无变动,代码与名称与2020普查保持一致
510823,剑阁县,510823,剑阁县,51,四川,广元市,无变动,代码与名称与2020普查保持一致
510824,苍溪县,510824,苍溪县,51,四川,广元市,无变动,代码与名称与2020普查保持一致
510921,蓬溪县,510921,蓬溪县,51,四川,遂宁市,无变动,代码与名称与2020普查保持一致
510923,大英县,510923,大英县,51,四川,遂宁市,无变动,代码与名称与2020普查保持一致
510981,射洪市,510981,射洪市,51,四川,遂宁市,无变动,代码与名称与2020普查保持一致
511024,威远县,511024,威远县,51,四川,内江市,无变动,代码与名称与2020普查保持一致
511025,资中县,511025,资中县,51,四川,内江市,无变动,代码与名称与2020普查保持一致
511083,隆昌市,511083,隆昌市,51,四川,内江市,无变动,代码与名称与2020普查保持一致
511123,犍为县,511123,犍为县,51,四川,乐山市,无变动,代码与名称与2020普查保持一致
511124,井研县,511124,井研县,51,四川,乐山市,无变动,代码与名称与2020普查保持一致
511126,夹江县,511126,夹江县,51,四川,乐山市,无变动,代码与名称与2020普查保持一致
511129,沐川县,511129,沐川县,51,四川,乐山市,无变动,代码与名称与2020普查保持一致
511132,峨边彝族自治县,511132,峨边彝族自治县,51,四川,乐山市,无变动,代码与名称与2020普查保持一致
511133,马边彝族自治县,511133,马边彝族自治县,51,四川,乐山市,无变动,代码与名称与2020普查保持一致
511181,峨眉山市,511181,峨眉山市,51,四川,乐山市,无变动,代码与名称与2020普查保持一致
511321,南部县,511321,南部县,51,四川,南充市,无变动,代码与名称与2020普查保持一致
511322,营山县,511322,营山县,51,四川,南充市,无变动,代码与名称与2020普查保持一致
511323,蓬安县,511323,蓬安县,51,四川,南充市,无变动,代码与名称与2020普查保持一致
511324,仪陇县,511324,仪陇县,51,四川,南充市,无变动,代码与名称与2020普查保持一致
511325,西充县,511325,西充县,51,四川,南充市,无变动,代码与名称与2020普查保持一致
511381,阆中市,511381,阆中市,51,四川,南充市,无变动,代码与名称与2020普查保持一致
511421,仁寿县,511421,仁寿县,51,四川,眉山市,无变动,代码与名称与2020普查保持一致
511423,洪雅县,511423,洪雅县,51,四川,眉山市,无变动,代码与名称与2020普查保持一致
511424,丹棱县,511424,丹棱县,51,四川,眉山市,无变动,代码与名称与2020普查保持一致
511425,青神县,511425,青神县,51,四川,眉山市,无变动,代码与名称与2020普查保持一致
511523,江安县,511523,江安县,51,四川,宜宾市,无变动,代码与名称与2020普查保持一致
511524,长宁县,511524,长宁县,51,四川,宜宾市,无变动,代码与名称与2020普查保持一致
511525,高县,511525,高县,51,四川,宜宾市,无变动,代码与名称与2020普查保持一致
511526,珙县,511526,珙县,51,四川,宜宾市,无变动,代码与名称与2020普查保持一致
511527,筠连县,511527,筠连县,51,四川,宜宾市,无变动,代码与名称与2020普查保持一致
511528,兴文县,511528,兴文县,51,四川,宜宾市,无变动,代码与名称与2020普查保持一致
511529,屏山县,511529,屏山县,51,四川,宜宾市,无变动,代码与名称与2020普查保持一致
511621,岳池县,511621,岳池县,51,四川,广安市,无变动,代码与名称与2020普查保持一致
511622,武胜县,511622,武胜县,51,四川,广安市,无变动,代码与名称与2020普查保持一致
511623,邻水县,511623,邻水县,51,四川,广安市,无变动,代码与名称与2020普查保持一致
511681,华蓥市,511681,华蓥市,51,四川,广安市,无变动,代码与名称与2020普查保持一致
511722,宣汉县,511722,宣汉县,51,四川,达州市,无变动,代码与名称与2020普查保持一致
511723,开江县,511723,开江县,51,四川,达州市,无变动,代码与名称与2020普查保持一致
511724,大竹县,511724,大竹县,51,四川,达州市,无变动,代码与名称与2020普查保持一致
511725,渠县,511725,渠县,51,四川,达州市,无变动,代码与名称与2020普查保持一致
511781,万源市,511781,万源市,51,四川,达州市,无变动,代码与名称与2020普查保持一致
511822,荥经县,511822,荥经县,51,四川,雅安市,无变动,代码与名称与2020普查保持一致
511823,汉源县,511823,汉源县,51,四川,雅安市,无变动,代码与名称与2020普查保持一致
511824,石棉县,511824,石棉县,51,四川,雅安市,无变动,代码与名称与2020普查保持一致
511825,天全县,511825,天全县,51,四川,雅安市,无变动,代码与名称与2020普查保持一致
511826,芦山县,511826,芦山县,51,四川,雅安市,无变动,代码与名称与2020普查保持一致
511827,宝兴县,511827,宝兴县,51,四川,雅安市,无变动,代码与名称与2020普查保持一致
511921,通江县,511921,通江县,51,四川,巴中市,无变动,代码与名称与2020普查保持一致
511922,南江县,511922,南江县,51,四川,巴中市,无变动,代码与名称与2020普查保持一致
511923,平昌县,511923,平昌县,51,四川,巴中市,无变动,代码与名称与2020普查保持一致
512021,安岳县,512021,安岳县,51,四川,资阳市,无变动,代码与名称与2020普查保持一致
512022,乐至县,512022,乐至县,51,四川,资阳市,无变动,代码与名称与2020普查保持一致
513201,马尔康市,513201,马尔康市,51,四川,阿坝藏族羌族自治州,无变动,代码与名称与2020普查保持一致
513221,汶川县,513221,汶川县,51,四川,阿坝藏族羌族自治州,无变动,代码与名称与2020普查保持一致
513222,理县,513222,理县,51,四川,阿坝藏族羌族自治州,无变动,代码与名称与2020普查保持一致
513223,茂县,513223,茂县,51,四川,阿坝藏族羌族自治州,无变动,代码与名称与2020普查保持一致
513224,松潘县,513224,松潘县,51,四川,阿坝藏族羌族自治州,无变动,代码与名称与2020普查保持一致
513225,九寨沟县,513225,九寨沟县,51,四川,阿坝藏族羌族自治州,无变动,代码与名称与2020普查保持一致
513226,金川县,513226,金川县,51,四川,阿坝藏族羌族自治州,无变动,代码与名称与2020普查保持一致
513227,小金县,513227,小金县,51,四川,阿坝藏族羌族自治州,无变动,代码与名称与2020普查保持一致
513228,黑水县,513228,黑水县,51,四川,阿坝藏族羌族自治州,无变动,代码与名称与2020普查保持一致
513230,壤塘县,513230,壤塘县,51,四川,阿坝藏族羌族自治州,无变动,代码与名称与2020普查保持一致
513231,阿坝县,513231,阿坝县,51,四川,阿坝藏族羌族自治州,无变动,代码与名称与2020普查保持一致
513232,若尔盖县,513232,若尔盖县,51,四川,阿坝藏族羌族自治州,无变动,代码与名称与2020普查保持一致
513233,红原县,513233,红原县,51,四川,阿坝藏族羌族自治州,无变动,代码与名称与2020普查保持一致
513301,康定市,513301,康定市,51,四川,甘孜藏族自治州,无变动,代码与名称与2020普查保持一致
513322,泸定县,513322,泸定县,51,四川,甘孜藏族自治州,无变动,代码与名称与2020普查保持一致
513323,丹巴县,513323,丹巴县,51,四川,甘孜藏族自治州,无变动,代码与名称与2020普查保持一致
513324,九龙县,513324,九龙县,51,四川,甘孜藏族自治州,无变动,代码与名称与2020普查保持一致
513325,雅江县,513325,雅江县,51,四川,甘孜藏族自治州,无变动,代码与名称与2020普查保持一致
513326,道孚县,513326,道孚县,51,四川,甘孜藏族自治州,无变动,代码与名称与2020普查保持一致
513327,炉霍县,513327,炉霍县,51,四川,甘孜藏族自治州,无变动,代码与名称与2020普查保持一致
513328,甘孜县,513328,甘孜县,51,四川,甘孜藏族自治州,无变动,代码与名称与2020普查保持一致
513329,新龙县,513329,新龙县,51,四川,甘孜藏族自治州,无变动,代码与名称与2020普查保持一致
513330,德格县,513330,德格县,51,四川,甘孜藏族自治州,无变动,代码与名称与2020普查保持一致
513331,白玉县,513331,白玉县,51,四川,甘孜藏族自治州,无变动,代码与名称与2020普查保持一致
513332,石渠县,513332,石渠县,51,四川,甘孜藏族自治州,无变动,代码与名称与2020普查保持一致
513333,色达县,513333,色达县,51,四川,甘孜藏族自治州,无变动,代码与名称与2020普查保持一致
513334,理塘县,513334,理塘县,51,四川,甘孜藏族自治州,无变动,代码与名称与2020普查保持一致
513335,巴塘县,513335,巴塘县,51,四川,甘孜藏族自治州,无变动,代码与名称与2020普查保持一致
513336,乡城县,513336,乡城县,51,四川,甘孜藏族自治州,无变动,代码与名称与2020普查保持一致
513337,稻城县,513337,稻城县,51,四川,甘孜藏族自治州,无变动,代码与名称与2020普查保持一致
513338,得荣县,513338,得荣县,51,四川,甘孜藏族自治州,无变动,代码与名称与2020普查保持一致
513401,西昌市,513401,西昌市,51,四川,凉山彝族自治州,无变动,代码与名称与2020普查保持一致
513402,会理市,513425,会理县,51,四川,凉山彝族自治州,撤县设市,2021年1月民政部批复撤销会理县，设立县级会理市
513422,木里藏族自治县,513422,木里藏族自治县,51,四川,凉山彝族自治州,无变动,代码与名称与2020普查保持一致
513423,盐源县,513423,盐源县,51,四川,凉山彝族自治州,无变动,代码与名称与2020普查保持一致
513424,德昌县,513424,德昌县,51,四川,凉山彝族自治州,无变动,代码与名称与2020普查保持一致
513426,会东县,513426,会东县,51,四川,凉山彝族自治州,无变动,代码与名称与2020普查保持一致
513427,宁南县,513427,宁南县,51,四川,凉山彝族自治州,无变动,代码与名称与2020普查保持一致
513428,普格县,513428,普格县,51,四川,凉山彝族自治州,无变动,代码与名称与2020普查保持一致
513429,布拖县,513429,布拖县,51,四川,凉山彝族自治州,无变动,代码与名称与2020普查保持一致
513430,金阳县,513430,金阳县,51,四川,凉山彝族自治州,无变动,代码与名称与2020普查保持一致
513431,昭觉县,513431,昭觉县,51,四川,凉山彝族自治州,无变动,代码与名称与2020普查保持一致
513432,喜德县,513432,喜德县,51,四川,凉山彝族自治州,无变动,代码与名称与2020普查保持一致
513433,冕宁县,513433,冕宁县,51,四川,凉山彝族自治州,无变动,代码与名称与2020普查保持一致
513434,越西县,513434,越西县,51,四川,凉山彝族自治州,无变动,代码与名称与2020普查保持一致
513435,甘洛县,513435,甘洛县,51,四川,凉山彝族自治州,无变动,代码与名称与2020普查保持一致
513436,美姑县,513436,美姑县,51,四川,凉山彝族自治州,无变动,代码与名称与2020普查保持一致
513437,雷波县,513437,雷波县,51,四川,凉山彝族自治州,无变动,代码与名称与2020普查保持一致
