source_file,crawl_period,crawl_batch_date,source_platform,county_code,county_name,prefecture,企业名称,招聘岗位,工作城市,工作区域,最低月薪,最高月薪,职位描述,学历要求,要求经验,招聘人数,招聘类别,初级分类,公司地点,工作地点
58_兰考县_2026.csv,2026,2026-09-15,58同城,410225,兰考县,开封市,河南金泰商贸有限公司,车间普工/包装工,开封市,兰考县,4100,7600,负责兰考县本地相关业务，按公司标准执行，要求初中及以下学历，工作认真负责。,初中及以下,不限,10,全职,本地用工,开封市兰考县,开封市兰考县
58_兰考县_2026.csv,2026,2026-06-27,58同城,410225,兰考县,开封市,兰考华茂食品科技有限公司,电商客服/运营,开封市,兰考县,4200,7400,负责兰考县本地相关业务，按公司标准执行，要求大专学历，工作认真负责。,大专,1年以内,3,全职,本地用工,开封市兰考县,开封市兰考县
58_兰考县_2026.csv,2026,2026-02-21,58同城,410225,兰考县,开封市,兰考恒达机械制造有限公司,质检员/QC,开封市,兰考县,4000,6500,负责兰考县本地相关业务，按公司标准执行，要求高中学历，工作认真负责。,高中,1年,2,全职,本地用工,开封市兰考县,开封市兰考县
58_兰考县_2026.csv,2026,2026-04-07,58同城,410225,兰考县,开封市,开封富达商贸有限公司,行政前台/文员,开封市,兰考县,2800,5000,负责兰考县本地相关业务，按公司标准执行，要求大专学历，工作认真负责。,大专,不限,1,全职,本地用工,开封市兰考县,开封市兰考县
58_兰考县_2026.csv,2026,2026-07-26,58同城,410225,兰考县,开封市,河南正源食品科技有限公司,电气自动化技术员,开封市,兰考县,4700,8700,负责兰考县本地相关业务，按公司标准执行，要求大专学历，工作认真负责。,大专,2年,1,全职,本地用工,开封市兰考县,开封市兰考县
58_兰考县_2026.csv,2026,2026-02-22,58同城,410225,兰考县,开封市,河南兴达商贸有限公司,餐饮店长/储备干部,开封市,兰考县,4500,6900,负责兰考县本地相关业务，按公司标准执行，要求高中学历，工作认真负责。,高中,1-3年,,全职,本地用工,开封市兰考县,开封市兰考县
58_兰考县_2026.csv,2026,2026-07-27,58同城,410225,兰考县,开封市,河南金泰机械制造有限公司,机械研发工程师,开封市,兰考县,5400,12800,负责兰考县本地相关业务，按公司标准执行，要求本科学历，工作认真负责。,本科,3-5年,1,全职,本地用工,开封市兰考县,开封市兰考县
58_兰考县_2026.csv,2026,2026-05-14,58同城,410225,兰考县,开封市,河南天成机械制造有限公司,质检员/QC,开封市,兰考县,4200,6500,负责兰考县本地相关业务，按公司标准执行，要求高中学历，工作认真负责。,高中,1年,2,全职,本地用工,开封市兰考县,开封市兰考县
58_兰考县_2026.csv,2026,2026-04-27,58同城,410225,兰考县,开封市,开封恒达电子电器厂,餐饮店长/储备干部,开封市,兰考县,4200,5400,负责兰考县本地相关业务，按公司标准执行，要求高中学历，工作认真负责。,高中,1-3年,,全职,本地用工,开封市兰考县,开封市兰考县
58_兰考县_2026.csv,2026,2026-04-09,58同城,410225,兰考县,开封市,河南新科食品科技有限公司,仓管员/物料员,开封市,兰考县,3200,5900,负责兰考县本地相关业务，按公司标准执行，要求高中学历，工作认真负责。,高中,不限,2,全职,本地用工,开封市兰考县,开封市兰考县
58_兰考县_2026.csv,2026,2026-02-24,58同城,410225,兰考县,开封市,兰考众创电子电器厂,机械研发工程师,开封市,兰考县,6400,12000,负责兰考县本地相关业务，按公司标准执行，要求本科学历，工作认真负责。,本科,3-5年,1,全职,本地用工,开封市兰考县,开封市兰考县
58_兰考县_2026.csv,2026,2026-05-28,58同城,410225,兰考县,开封市,河南天成电子电器厂,外贸业务员,开封市,兰考县,4900,10500,负责兰考县本地相关业务，按公司标准执行，要求本科学历，工作认真负责。,本科,1-3年,2,全职,本地用工,开封市兰考县,开封市兰考县
58_兰考县_2026.csv,2026,2026-08-18,58同城,410225,兰考县,开封市,兰考博奥商贸有限公司,销售代表/业务员,开封市,兰考县,3700,10200,负责兰考县本地相关业务，按公司标准执行，要求学历不限学历，工作认真负责。,学历不限,不限,,全职,本地用工,开封市兰考县,开封市兰考县
58_兰考县_2026.csv,2026,2026-03-27,58同城,410225,兰考县,开封市,兰考正源农牧发展有限公司,车间普工/包装工,开封市,兰考县,4700,6700,负责兰考县本地相关业务，按公司标准执行，要求初中及以下学历，工作认真负责。,初中及以下,不限,10,全职,本地用工,开封市兰考县,开封市兰考县
58_兰考县_2026.csv,2026,2026-08-27,58同城,410225,兰考县,开封市,河南富达电子电器厂,仓管员/物料员,开封市,兰考县,3800,5900,负责兰考县本地相关业务，按公司标准执行，要求高中学历，工作认真负责。,高中,不限,2,全职,本地用工,开封市兰考县,开封市兰考县
58_兰考县_2026.csv,2026,2026-04-18,58同城,410225,兰考县,开封市,河南华茂农牧发展有限公司,外贸业务员,开封市,兰考县,4700,8100,负责兰考县本地相关业务，按公司标准执行，要求本科学历，工作认真负责。,本科,1-3年,2,全职,本地用工,开封市兰考县,开封市兰考县
58_兰考县_2026.csv,2026,2026-04-10,58同城,410225,兰考县,开封市,开封博奥商贸有限公司,外贸业务员,开封市,兰考县,5100,9000,负责兰考县本地相关业务，按公司标准执行，要求本科学历，工作认真负责。,本科,1-3年,2,全职,本地用工,开封市兰考县,开封市兰考县
58_兰考县_2026.csv,2026,2026-09-19,58同城,410225,兰考县,开封市,兰考恒达机械制造有限公司,车间普工/包装工,开封市,兰考县,5100,7700,负责兰考县本地相关业务，按公司标准执行，要求初中及以下学历，工作认真负责。,初中及以下,不限,10,全职,本地用工,开封市兰考县,开封市兰考县
58_兰考县_2026.csv,2026,2026-05-07,58同城,410225,兰考县,开封市,开封兴达食品科技有限公司,农资技术推广员,开封市,兰考县,4300,8500,负责兰考县本地相关业务，按公司标准执行，要求大专学历，工作认真负责。,大专,2年,2,全职,本地用工,开封市兰考县,开封市兰考县
58_兰考县_2026.csv,2026,2026-08-11,58同城,410225,兰考县,开封市,兰考富达农牧发展有限公司,货运司机/配送,开封市,兰考县,5200,10000,负责兰考县本地相关业务，按公司标准执行，要求初中及以下学历，工作认真负责。,初中及以下,3年,2,全职,本地用工,开封市兰考县,开封市兰考县
58_兰考县_2026.csv,2026,2026-04-13,58同城,410225,兰考县,开封市,开封众创机械制造有限公司,餐饮店长/储备干部,开封市,兰考县,3800,5600,负责兰考县本地相关业务，按公司标准执行，要求高中学历，工作认真负责。,高中,1-3年,,全职,本地用工,开封市兰考县,开封市兰考县
58_兰考县_2026.csv,2026,2026-04-16,58同城,410225,兰考县,开封市,河南华茂食品科技有限公司,仓管员/物料员,开封市,兰考县,3700,5100,负责兰考县本地相关业务，按公司标准执行，要求高中学历，工作认真负责。,高中,不限,2,全职,本地用工,开封市兰考县,开封市兰考县
58_兰考县_2026.csv,2026,2026-06-21,58同城,410225,兰考县,开封市,开封金泰电子电器厂,餐饮店长/储备干部,开封市,兰考县,4000,6100,负责兰考县本地相关业务，按公司标准执行，要求高中学历，工作认真负责。,高中,1-3年,,全职,本地用工,开封市兰考县,开封市兰考县
58_兰考县_2026.csv,2026,2026-05-06,58同城,410225,兰考县,开封市,兰考富达商贸有限公司,车间普工/包装工,开封市,兰考县,5000,8200,负责兰考县本地相关业务，按公司标准执行，要求初中及以下学历，工作认真负责。,初中及以下,不限,10,全职,本地用工,开封市兰考县,开封市兰考县
58_兰考县_2026.csv,2026,2026-02-12,58同城,410225,兰考县,开封市,开封博奥电子电器厂,质检员/QC,开封市,兰考县,4300,5900,负责兰考县本地相关业务，按公司标准执行，要求高中学历，工作认真负责。,高中,1年,2,全职,本地用工,开封市兰考县,开封市兰考县
58_兰考县_2026.csv,2026,2026-04-26,58同城,410225,兰考县,开封市,兰考博奥食品科技有限公司,餐饮店长/储备干部,开封市,兰考县,4300,6600,负责兰考县本地相关业务，按公司标准执行，要求高中学历，工作认真负责。,高中,1-3年,,全职,本地用工,开封市兰考县,开封市兰考县
58_兰考县_2026.csv,2026,2026-03-21,58同城,410225,兰考县,开封市,河南众创商贸有限公司,货运司机/配送,开封市,兰考县,5800,9400,负责兰考县本地相关业务，按公司标准执行，要求初中及以下学历，工作认真负责。,初中及以下,3年,2,全职,本地用工,开封市兰考县,开封市兰考县
58_兰考县_2026.csv,2026,2026-07-14,58同城,410225,兰考县,开封市,河南天成食品科技有限公司,电气自动化技术员,开封市,兰考县,4800,9000,负责兰考县本地相关业务，按公司标准执行，要求大专学历，工作认真负责。,大专,2年,1,全职,本地用工,开封市兰考县,开封市兰考县
58_兰考县_2026.csv,2026,2026-09-24,58同城,410225,兰考县,开封市,河南金泰农牧发展有限公司,电气自动化技术员,开封市,兰考县,5200,8000,负责兰考县本地相关业务，按公司标准执行，要求大专学历，工作认真负责。,大专,2年,1,全职,本地用工,开封市兰考县,开封市兰考县
58_兰考县_2026.csv,2026,2026-01-18,58同城,410225,兰考县,开封市,河南博奥农牧发展有限公司,行政前台/文员,开封市,兰考县,3000,4700,负责兰考县本地相关业务，按公司标准执行，要求大专学历，工作认真负责。,大专,不限,1,全职,本地用工,开封市兰考县,开封市兰考县
58_兰考县_2026.csv,2026,2026-06-27,58同城,410225,兰考县,开封市,河南恒达食品科技有限公司,电气自动化技术员,开封市,兰考县,4600,8700,负责兰考县本地相关业务，按公司标准执行，要求大专学历，工作认真负责。,大专,2年,1,全职,本地用工,开封市兰考县,开封市兰考县
58_兰考县_2026.csv,2026,2026-02-03,58同城,410225,兰考县,开封市,兰考兴达电子电器厂,质检员/QC,开封市,兰考县,3900,6100,负责兰考县本地相关业务，按公司标准执行，要求高中学历，工作认真负责。,高中,1年,2,全职,本地用工,开封市兰考县,开封市兰考县
58_兰考县_2026.csv,2026,2026-08-17,58同城,410225,兰考县,开封市,河南恒达食品科技有限公司,质检员/QC,开封市,兰考县,4400,6100,负责兰考县本地相关业务，按公司标准执行，要求高中学历，工作认真负责。,高中,1年,2,全职,本地用工,开封市兰考县,开封市兰考县
58_兰考县_2026.csv,2026,2026-01-22,58同城,410225,兰考县,开封市,河南博奥食品科技有限公司,电气自动化技术员,开封市,兰考县,4800,9000,负责兰考县本地相关业务，按公司标准执行，要求大专学历，工作认真负责。,大专,2年,1,全职,本地用工,开封市兰考县,开封市兰考县
58_兰考县_2026.csv,2026,2026-03-17,58同城,410225,兰考县,开封市,河南新科商贸有限公司,数控车床操作工,开封市,兰考县,5400,8700,负责兰考县本地相关业务，按公司标准执行，要求中专/中技学历，工作认真负责。,中专/中技,不限,5,全职,本地用工,开封市兰考县,开封市兰考县
58_兰考县_2026.csv,2026,2026-06-01,58同城,410225,兰考县,开封市,兰考富达电子电器厂,仓管员/物料员,开封市,兰考县,3600,6000,负责兰考县本地相关业务，按公司标准执行，要求高中学历，工作认真负责。,高中,不限,2,全职,本地用工,开封市兰考县,开封市兰考县
58_兰考县_2026.csv,2026,2026-03-22,58同城,410225,兰考县,开封市,开封恒达电子电器厂,电商客服/运营,开封市,兰考县,4100,7700,负责兰考县本地相关业务，按公司标准执行，要求大专学历，工作认真负责。,大专,1年以内,3,全职,本地用工,开封市兰考县,开封市兰考县
58_兰考县_2026.csv,2026,2026-07-22,58同城,410225,兰考县,开封市,开封恒达机械制造有限公司,餐饮店长/储备干部,开封市,兰考县,3700,5800,负责兰考县本地相关业务，按公司标准执行，要求高中学历，工作认真负责。,高中,1-3年,,全职,本地用工,开封市兰考县,开封市兰考县
58_兰考县_2026.csv,2026,2026-03-02,58同城,410225,兰考县,开封市,开封众创商贸有限公司,货运司机/配送,开封市,兰考县,5000,9700,负责兰考县本地相关业务，按公司标准执行，要求初中及以下学历，工作认真负责。,初中及以下,3年,2,全职,本地用工,开封市兰考县,开封市兰考县
58_兰考县_2026.csv,2026,2026-05-12,58同城,410225,兰考县,开封市,兰考博奥食品科技有限公司,车间普工/包装工,开封市,兰考县,4600,7900,负责兰考县本地相关业务，按公司标准执行，要求初中及以下学历，工作认真负责。,初中及以下,不限,10,全职,本地用工,开封市兰考县,开封市兰考县
58_兰考县_2026.csv,2026,2026-05-19,58同城,410225,兰考县,开封市,河南金泰电子电器厂,销售代表/业务员,开封市,兰考县,3900,9800,负责兰考县本地相关业务，按公司标准执行，要求学历不限学历，工作认真负责。,学历不限,不限,,全职,本地用工,开封市兰考县,开封市兰考县
58_兰考县_2026.csv,2026,2026-02-19,58同城,410225,兰考县,开封市,兰考众创商贸有限公司,机械研发工程师,开封市,兰考县,6200,12900,负责兰考县本地相关业务，按公司标准执行，要求本科学历，工作认真负责。,本科,3-5年,1,全职,本地用工,开封市兰考县,开封市兰考县
58_兰考县_2026.csv,2026,2026-04-11,58同城,410225,兰考县,开封市,河南恒达机械制造有限公司,外贸业务员,开封市,兰考县,5600,8500,负责兰考县本地相关业务，按公司标准执行，要求本科学历，工作认真负责。,本科,1-3年,2,全职,本地用工,开封市兰考县,开封市兰考县
58_兰考县_2026.csv,2026,2026-01-01,58同城,410225,兰考县,开封市,兰考博奥农牧发展有限公司,会计/财务助理,开封市,兰考县,3700,6000,负责兰考县本地相关业务，按公司标准执行，要求大专学历，工作认真负责。,大专,1-3年,1,全职,本地用工,开封市兰考县,开封市兰考县
58_兰考县_2026.csv,2026,2026-06-27,58同城,410225,兰考县,开封市,河南金泰机械制造有限公司,农资技术推广员,开封市,兰考县,5000,7500,负责兰考县本地相关业务，按公司标准执行，要求大专学历，工作认真负责。,大专,2年,2,全职,本地用工,开封市兰考县,开封市兰考县
58_兰考县_2026.csv,2026,2026-09-04,58同城,410225,兰考县,开封市,开封博奥机械制造有限公司,质检员/QC,开封市,兰考县,4400,6700,负责兰考县本地相关业务，按公司标准执行，要求高中学历，工作认真负责。,高中,1年,2,全职,本地用工,开封市兰考县,开封市兰考县
58_兰考县_2026.csv,2026,2026-05-04,58同城,410225,兰考县,开封市,开封天成农牧发展有限公司,货运司机/配送,开封市,兰考县,5900,10100,负责兰考县本地相关业务，按公司标准执行，要求初中及以下学历，工作认真负责。,初中及以下,3年,2,全职,本地用工,开封市兰考县,开封市兰考县
58_兰考县_2026.csv,2026,2026-04-01,58同城,410225,兰考县,开封市,兰考富达商贸有限公司,电气自动化技术员,开封市,兰考县,5200,8200,负责兰考县本地相关业务，按公司标准执行，要求大专学历，工作认真负责。,大专,2年,1,全职,本地用工,开封市兰考县,开封市兰考县
58_兰考县_2026.csv,2026,2026-04-09,58同城,410225,兰考县,开封市,开封博奥电子电器厂,质检员/QC,开封市,兰考县,3800,7100,负责兰考县本地相关业务，按公司标准执行，要求高中学历，工作认真负责。,高中,1年,2,全职,本地用工,开封市兰考县,开封市兰考县
58_兰考县_2026.csv,2026,2026-09-16,58同城,410225,兰考县,开封市,开封恒达食品科技有限公司,电气自动化技术员,开封市,兰考县,5200,9300,负责兰考县本地相关业务，按公司标准执行，要求大专学历，工作认真负责。,大专,2年,1,全职,本地用工,开封市兰考县,开封市兰考县
58_兰考县_2026.csv,2026,2026-04-08,58同城,410225,兰考县,开封市,兰考恒达食品科技有限公司,餐饮店长/储备干部,开封市,兰考县,3900,6200,负责兰考县本地相关业务，按公司标准执行，要求高中学历，工作认真负责。,高中,1-3年,,全职,本地用工,开封市兰考县,开封市兰考县
58_兰考县_2026.csv,2026,2026-07-09,58同城,410225,兰考县,开封市,兰考兴达商贸有限公司,质检员/QC,开封市,兰考县,4400,5800,负责兰考县本地相关业务，按公司标准执行，要求高中学历，工作认真负责。,高中,1年,2,全职,本地用工,开封市兰考县,开封市兰考县
58_兰考县_2026.csv,2026,2026-05-20,58同城,410225,兰考县,开封市,兰考正源机械制造有限公司,电气自动化技术员,开封市,兰考县,5700,8800,负责兰考县本地相关业务，按公司标准执行，要求大专学历，工作认真负责。,大专,2年,1,全职,本地用工,开封市兰考县,开封市兰考县
58_兰考县_2026.csv,2026,2026-09-04,58同城,410225,兰考县,开封市,开封华茂电子电器厂,销售代表/业务员,开封市,兰考县,4000,8500,负责兰考县本地相关业务，按公司标准执行，要求学历不限学历，工作认真负责。,学历不限,不限,,全职,本地用工,开封市兰考县,开封市兰考县
58_兰考县_2026.csv,2026,2026-07-22,58同城,410225,兰考县,开封市,河南华茂电子电器厂,仓管员/物料员,开封市,兰考县,3800,5700,负责兰考县本地相关业务，按公司标准执行，要求高中学历，工作认真负责。,高中,不限,2,全职,本地用工,开封市兰考县,开封市兰考县
58_兰考县_2026.csv,2026,2026-07-17,58同城,410225,兰考县,开封市,兰考富达电子电器厂,电气自动化技术员,开封市,兰考县,5700,8400,负责兰考县本地相关业务，按公司标准执行，要求大专学历，工作认真负责。,大专,2年,1,全职,本地用工,开封市兰考县,开封市兰考县
58_兰考县_2026.csv,2026,2026-07-21,58同城,410225,兰考县,开封市,兰考金泰农牧发展有限公司,货运司机/配送,开封市,兰考县,6000,8700,负责兰考县本地相关业务，按公司标准执行，要求初中及以下学历，工作认真负责。,初中及以下,3年,2,全职,本地用工,开封市兰考县,开封市兰考县
58_兰考县_2026.csv,2026,2026-01-28,58同城,410225,兰考县,开封市,兰考华茂商贸有限公司,货运司机/配送,开封市,兰考县,5600,7700,负责兰考县本地相关业务，按公司标准执行，要求初中及以下学历，工作认真负责。,初中及以下,3年,2,全职,本地用工,开封市兰考县,开封市兰考县
58_兰考县_2026.csv,2026,2026-07-07,58同城,410225,兰考县,开封市,兰考博奥电子电器厂,食品化验员,开封市,兰考县,4300,5500,负责兰考县本地相关业务，按公司标准执行，要求大专学历，工作认真负责。,大专,1年,1,全职,本地用工,开封市兰考县,开封市兰考县
58_兰考县_2026.csv,2026,2026-02-01,58同城,410225,兰考县,开封市,河南新科农牧发展有限公司,行政前台/文员,开封市,兰考县,3200,5300,负责兰考县本地相关业务，按公司标准执行，要求大专学历，工作认真负责。,大专,不限,1,全职,本地用工,开封市兰考县,开封市兰考县
58_兰考县_2026.csv,2026,2026-05-06,58同城,410225,兰考县,开封市,开封天成电子电器厂,外贸业务员,开封市,兰考县,5400,8400,负责兰考县本地相关业务，按公司标准执行，要求本科学历，工作认真负责。,本科,1-3年,2,全职,本地用工,开封市兰考县,开封市兰考县
58_兰考县_2026.csv,2026,2026-01-11,58同城,410225,兰考县,开封市,兰考金泰农牧发展有限公司,数控车床操作工,开封市,兰考县,5300,9100,负责兰考县本地相关业务，按公司标准执行，要求中专/中技学历，工作认真负责。,中专/中技,不限,5,全职,本地用工,开封市兰考县,开封市兰考县
58_兰考县_2026.csv,2026,2026-01-26,58同城,410225,兰考县,开封市,河南恒达商贸有限公司,仓管员/物料员,开封市,兰考县,3600,5400,负责兰考县本地相关业务，按公司标准执行，要求高中学历，工作认真负责。,高中,不限,2,全职,本地用工,开封市兰考县,开封市兰考县
58_兰考县_2026.csv,2026,2026-09-09,58同城,410225,兰考县,开封市,开封金泰农牧发展有限公司,农资技术推广员,开封市,兰考县,4900,7800,负责兰考县本地相关业务，按公司标准执行，要求大专学历，工作认真负责。,大专,2年,2,全职,本地用工,开封市兰考县,开封市兰考县
