企业名称,招聘岗位,工作城市,工作区域,最低月薪,最高月薪,职位描述,学历要求,招聘人数,来源平台,抓取时间,county_code,county_name,prefecture,crawl_period,source_file
李先生,物业保安可预支包吃住,商丘市,永城,4500.0,5000.0,岗位：物业保安可预支包吃住；标签：五险一金 / 包吃 / 包住 / 年底双薪；薪资：4500-5000元/月,未注明,,58同城,2026-09-25 01:03:56,411481,永城市,商丘市,2024-2026,58_永城市_2024_2026.csv
王先生,急招保安待遇优厚包吃住工作轻松稳定环境好,商丘市,永城,4500.0,5000.0,岗位：急招保安待遇优厚包吃住工作轻松稳定环境好；标签：五险一金 / 包吃 / 包住 / 年底双薪；薪资：4500-5000元/月,未注明,,58同城,2026-09-25 01:03:56,411481,永城市,商丘市,2024-2026,58_永城市_2024_2026.csv
姜女士,急招学校坐岗保安包吃住上... 小程序,商丘市,永城,4500.0,5000.0,岗位：急招学校坐岗保安包吃住上... 小程序；标签：五险一金 / 包吃 / 包住 / 年底双薪；薪资：4500-5000元/月,未注明,,58同城,2026-09-25 01:03:56,411481,永城市,商丘市,2024-2026,58_永城市_2024_2026.csv
河南中润新程食品有限公司,食品厂猪肉分割工包住6000-10000,商丘市,城区-永城城区,5500.0,6000.0,岗位：食品厂猪肉分割工包住6000-10000；标签：包住 / 包吃；薪资：5500-6000元/月,未注明,,58同城,2026-09-25 01:03:56,411481,永城市,商丘市,2024-2026,58_永城市_2024_2026.csv
河南中润新程食品有限公司,生鲜经理/包住/福利待遇好,商丘市,城区-永城城区,5000.0,8000.0,岗位：生鲜经理/包住/福利待遇好；标签：包住；薪资：5000-8000元/月,未注明,,58同城,2026-09-25 01:03:56,411481,永城市,商丘市,2024-2026,58_永城市_2024_2026.csv
Zz,永城招聘美容学徒（中午管饭）,商丘市,永城-其他,2000.0,3000.0,岗位：永城招聘美容学徒（中午管饭）；标签：包吃；薪资：2000-3000元/月,未注明,,58同城,2026-09-25 01:03:56,411481,永城市,商丘市,2024-2026,58_永城市_2024_2026.csv
玉来玉爱,羊肉汤学徒,商丘市,永城-其他,2000.0,5000.0,岗位：羊肉汤学徒；标签：招1人 / 经验不限 / 学历不限；薪资：2000-5000元/月,学历不限,1,58同城,2026-09-25 01:03:56,411481,永城市,商丘市,2024-2026,58_永城市_2024_2026.csv
四叶草,营业厅店员/营业员2000起,商丘市,永城-其他,2000.0,4500.0,岗位：营业厅店员/营业员2000起；标签：话补；薪资：2000-4500元/月,未注明,,58同城,2026-09-25 01:03:56,411481,永城市,商丘市,2024-2026,58_永城市_2024_2026.csv
用户79603,洗车工。美容。装饰。贴膜。师傅,商丘市,城区-永城城区,2000.0,6000.0,岗位：洗车工。美容。装饰。贴膜。师傅；标签：年底双薪 / 周末双休；薪资：2000-6000元/月,未注明,,58同城,2026-09-25 01:03:56,411481,永城市,商丘市,2024-2026,58_永城市_2024_2026.csv
光明磊落_栾同学,质简美发店美发助理技师/学徒饭补,商丘市,永城-其他,2000.0,2500.0,岗位：质简美发店美发助理技师/学徒饭补；标签：饭补；薪资：2000-2500元/月,未注明,,58同城,2026-09-25 01:03:56,411481,永城市,商丘市,2024-2026,58_永城市_2024_2026.csv
MAN,建筑施工现场管理/6k起,商丘市,其他-永城其他,6000.0,10000.0,岗位：建筑施工现场管理/6k起；标签：经验3-5年 / 学历不限；薪资：6000-10000元/月,学历不限,,58同城,2026-09-25 01:03:56,411481,永城市,商丘市,2024-2026,58_永城市_2024_2026.csv
加油,汽车维修早8晚6,商丘市,永城-其他,2000.0,3000.0,岗位：汽车维修早8晚6；标签：经验不限 / 学历不限；薪资：2000-3000元/月,学历不限,,58同城,2026-09-25 01:03:56,411481,永城市,商丘市,2024-2026,58_永城市_2024_2026.csv
Zz,永城市招聘美容师（中午管饭）,商丘市,永城-其他,2000.0,4000.0,岗位：永城市招聘美容师（中午管饭）；标签：包吃；薪资：2000-4000元/月,未注明,,58同城,2026-09-25 01:03:56,411481,永城市,商丘市,2024-2026,58_永城市_2024_2026.csv
李经理,修理厂汽车维修包吃加班补助,商丘市,城区-欧蓓莎国际商城,3000.0,4500.0,岗位：修理厂汽车维修包吃加班补助；标签：包吃 / 加班补助；薪资：3000-4500元/月,未注明,,58同城,2026-09-25 01:03:56,411481,永城市,商丘市,2024-2026,58_永城市_2024_2026.csv
河南中润新程食品有限公司,食品屠宰普工/包住/6000-8000,商丘市,城区-永城城区,6000.0,8000.0,岗位：食品屠宰普工/包住/6000-8000；标签：包住；薪资：6000-8000元/月,未注明,,58同城,2026-09-25 01:03:56,411481,永城市,商丘市,2024-2026,58_永城市_2024_2026.csv
爱看戏的谌师傅,五六七美容美甲店/美甲师/2400起,商丘市,永城-其他,2400.0,2700.0,岗位：五六七美容美甲店/美甲师/2400起；标签：招1人 / 经验不限 / 学历不限；薪资：2400-2700元/月,学历不限,1,58同城,2026-09-25 01:03:56,411481,永城市,商丘市,2024-2026,58_永城市_2024_2026.csv
反应敏锐_漕老板,舞蹈老师,商丘市,其他-永城其他,,,岗位：舞蹈老师；标签：经验不限 / 学历不限；薪资：面议,学历不限,,58同城,2026-09-25 01:03:56,411481,永城市,商丘市,2024-2026,58_永城市_2024_2026.csv
追着蝴蝶跑的阿飞,置业顾问,商丘市,城区-欧蓓莎国际商城,3000.0,8000.0,岗位：置业顾问；标签：招6人 / 经验3-5年 / 学历大专；薪资：3000-8000元/月,大专,6,58同城,2026-09-25 01:03:56,411481,永城市,商丘市,2024-2026,58_永城市_2024_2026.csv
杨助理,中餐厨师3000起,商丘市,其他-永城其他,3000.0,6000.0,岗位：中餐厨师3000起；标签：经验3-5年 / 学历不限；薪资：3000-6000元/月,学历不限,,58同城,2026-09-25 01:03:56,411481,永城市,商丘市,2024-2026,58_永城市_2024_2026.csv
王先生,玩具厂包装260/天包吃住可日结,商丘市,城区-欧蓓莎国际商城,5000.0,7000.0,岗位：玩具厂包装260/天包吃住可日结；标签：包住 / 包吃 / 加班补助；薪资：5000-7000元/月,未注明,,58同城,2026-09-25 01:03:56,411481,永城市,商丘市,2024-2026,58_永城市_2024_2026.csv
赵医生,口腔医生5000起,商丘市,永城-城区,5000.0,20000.0,岗位：口腔医生5000起；标签：招3人 / 经验6-7年 / 学历不限；薪资：5000-20000元/月,学历不限,3,58同城,2026-09-25 01:03:56,411481,永城市,商丘市,2024-2026,58_永城市_2024_2026.csv
毫不犹豫兰博士W,高新招聘普工操作工五险包吃住,商丘市,其他-永城其他,5500.0,8500.0,岗位：高新招聘普工操作工五险包吃住；标签：五险 / 包住 / 包吃 / 交通补助；薪资：5500-8500元/月,未注明,,58同城,2026-09-25 01:03:56,411481,永城市,商丘市,2024-2026,58_永城市_2024_2026.csv
喜欢散步的阿花,质检员上班转一转280一天,商丘市,永城,6000.0,8000.0,岗位：质检员上班转一转280一天；标签：五险一金 / 包吃 / 包住 / 年底双薪；薪资：6000-8000元/月,未注明,,58同城,2026-09-25 01:03:56,411481,永城市,商丘市,2024-2026,58_永城市_2024_2026.csv
石卫兵,电梯安装/包吃包住,商丘市,永城,4500.0,12000.0,岗位：电梯安装/包吃包住；标签：包住 / 包吃；薪资：4500-12000元/月,未注明,,58同城,2026-09-25 01:03:56,411481,永城市,商丘市,2024-2026,58_永城市_2024_2026.csv
万经理,急招短视频运营,商丘市,永城,,,岗位：急招短视频运营；标签：包住 / 年底双薪 / 加班补助 / 饭补；薪资：面议,未注明,,58同城,2026-09-25 01:03:56,411481,永城市,商丘市,2024-2026,58_永城市_2024_2026.csv
叠纸船的静静妹,日料/日料厨师房补包住包吃,商丘市,城区-永城城区,6000.0,10000.0,岗位：日料/日料厨师房补包住包吃；标签：包住 / 包吃 / 房补；薪资：6000-10000元/月,未注明,,58同城,2026-09-25 01:03:56,411481,永城市,商丘市,2024-2026,58_永城市_2024_2026.csv
用户38586,永城急招保险查勘/五险一金周末双休,商丘市,永城-城区,2500.0,4000.0,岗位：永城急招保险查勘/五险一金周末双休；标签：五险一金 / 周末双休；薪资：2500-4000元/月,未注明,,58同城,2026-09-25 01:03:56,411481,永城市,商丘市,2024-2026,58_永城市_2024_2026.csv
摘星星的点点,质检员上班转一转280一天,商丘市,永城,6000.0,8000.0,岗位：质检员上班转一转280一天；标签：五险一金 / 包吃 / 包住 / 年底双薪；薪资：6000-8000元/月,未注明,,58同城,2026-09-25 01:03:56,411481,永城市,商丘市,2024-2026,58_永城市_2024_2026.csv
用户38586,诚泰财产保险保险查勘定损周末双休,商丘市,永城-城区,2500.0,4000.0,岗位：诚泰财产保险保险查勘定损周末双休；标签：五险一金 / 周末双休；薪资：2500-4000元/月,未注明,,58同城,2026-09-25 01:03:56,411481,永城市,商丘市,2024-2026,58_永城市_2024_2026.csv
用户38586,永城急招诚泰财产保险查勘定损五险一金双休,商丘市,永城-城区,2500.0,4000.0,岗位：永城急招诚泰财产保险查勘定损五险一金双休；标签：五险一金 / 周末双休；薪资：2500-4000元/月,未注明,,58同城,2026-09-25 01:03:56,411481,永城市,商丘市,2024-2026,58_永城市_2024_2026.csv
,运祥货运·货运物流 服务区域：睢阳、梁园、永城、虞城、柘城...,商丘市,永城市,,,岗位：运祥货运·货运物流 服务区域：睢阳、梁园、永城、虞城、柘城...,未注明,,58同城,2026-09-25 01:06:44,411481,永城市,商丘市,2024-2026,58_永城市_2024_2026.csv
,商丘市睢阳区全顺家政服务部·货运物流 服务区域：睢阳、梁园、永城、虞城、柘城...,商丘市,永城市,,,岗位：商丘市睢阳区全顺家政服务部·货运物流 服务区域：睢阳、梁园、永城、虞城、柘城...,未注明,,58同城,2026-09-25 01:06:44,411481,永城市,商丘市,2024-2026,58_永城市_2024_2026.csv
,章贡区海平食品店（个体工商户）·外卖 服务区域：睢阳、梁园、永城、虞城、柘城...,商丘市,永城市,,,岗位：章贡区海平食品店（个体工商户）·外卖 服务区域：睢阳、梁园、永城、虞城、柘城...,未注明,,58同城,2026-09-25 01:06:44,411481,永城市,商丘市,2024-2026,58_永城市_2024_2026.csv
,商丘爱月宝月嫂服务·全城服务 服务区域：睢阳、梁园、永城、虞城、柘城...,商丘市,永城市,,,岗位：商丘爱月宝月嫂服务·全城服务 服务区域：睢阳、梁园、永城、虞城、柘城...,未注明,,58同城,2026-09-25 01:06:44,411481,永城市,商丘市,2024-2026,58_永城市_2024_2026.csv
,商丘财讯达企业服务·工商注册 服务区域：睢阳、梁园、永城、虞城、柘城...,商丘市,永城市,,,岗位：商丘财讯达企业服务·工商注册 服务区域：睢阳、梁园、永城、虞城、柘城...,未注明,,58同城,2026-09-25 01:06:44,411481,永城市,商丘市,2024-2026,58_永城市_2024_2026.csv
,章贡区古明飞餐饮店（个体工商户）·外卖 服务区域：睢阳、梁园、永城、虞城、柘城...,商丘市,永城市,,,岗位：章贡区古明飞餐饮店（个体工商户）·外卖 服务区域：睢阳、梁园、永城、虞城、柘城...,未注明,,58同城,2026-09-25 01:06:44,411481,永城市,商丘市,2024-2026,58_永城市_2024_2026.csv
,商丘电动车换胎补胎换电瓶·汽车维修保养 服务区域：睢阳、梁园、永城、虞城、柘城...,商丘市,永城市,,,岗位：商丘电动车换胎补胎换电瓶·汽车维修保养 服务区域：睢阳、梁园、永城、虞城、柘城...,未注明,,58同城,2026-09-25 01:06:44,411481,永城市,商丘市,2024-2026,58_永城市_2024_2026.csv
,南康区永瑞餐饮店（个体工商户）·外卖 服务区域：睢阳、梁园、永城、虞城、柘城...,商丘市,永城市,,,岗位：南康区永瑞餐饮店（个体工商户）·外卖 服务区域：睢阳、梁园、永城、虞城、柘城...,未注明,,58同城,2026-09-25 01:06:44,411481,永城市,商丘市,2024-2026,58_永城市_2024_2026.csv
,商丘美食·美食 服务区域：睢阳、梁园、永城、虞城、柘城...,商丘市,永城市,,,岗位：商丘美食·美食 服务区域：睢阳、梁园、永城、虞城、柘城...,未注明,,58同城,2026-09-25 01:06:44,411481,永城市,商丘市,2024-2026,58_永城市_2024_2026.csv
,家具维修安装服务·家具维修 服务区域：睢阳、梁园、永城、虞城、柘城...,商丘市,永城市,,,岗位：家具维修安装服务·家具维修 服务区域：睢阳、梁园、永城、虞城、柘城...,未注明,,58同城,2026-09-25 01:06:44,411481,永城市,商丘市,2024-2026,58_永城市_2024_2026.csv
,商丘市睢阳区佳诚电器经营部·电器回收 服务区域：睢阳、梁园、永城、虞城、柘城...,商丘市,永城市,,,岗位：商丘市睢阳区佳诚电器经营部·电器回收 服务区域：睢阳、梁园、永城、虞城、柘城...,未注明,,58同城,2026-09-25 01:06:44,411481,永城市,商丘市,2024-2026,58_永城市_2024_2026.csv
